,Id,LotArea,YearBuilt,YearRemodAdd,LotFrontage,Utilities,OverallQual,OverallCond,ExterQual,ExterCond,MoSold,YrSold,MiscVal
0,1,8450,2003,2003,65.0,AllPub,7,5,Gd,TA,2,2008,0
1,2,9600,1976,1976,80.0,AllPub,6,8,TA,TA,5,2007,0
2,3,11250,2001,2002,68.0,AllPub,7,5,Gd,TA,9,2008,0
3,4,9550,1915,1970,60.0,AllPub,7,5,TA,TA,2,2006,0
4,5,14260,2000,2000,84.0,AllPub,8,5,Gd,TA,12,2008,0
5,6,14115,1993,1995,85.0,AllPub,5,5,TA,TA,10,2009,700
6,7,10084,2004,2005,75.0,AllPub,8,5,Gd,TA,8,2007,0
7,8,10382,1973,1973,,AllPub,7,6,TA,TA,11,2009,350
8,9,6120,1931,1950,51.0,AllPub,7,5,TA,TA,4,2008,0
9,10,7420,1939,1950,50.0,AllPub,5,6,TA,TA,1,2008,0
10,11,11200,1965,1965,70.0,AllPub,5,5,TA,TA,2,2008,0
11,12,11924,2005,2006,85.0,AllPub,9,5,Ex,TA,7,2006,0
12,13,12968,1962,1962,,AllPub,5,6,TA,TA,9,2008,0
13,14,10652,2006,2007,91.0,AllPub,7,5,Gd,TA,8,2007,0
14,15,10920,1960,1960,,AllPub,6,5,TA,TA,5,2008,0
15,16,6120,1929,2001,51.0,AllPub,7,8,TA,TA,7,2007,0
16,17,11241,1970,1970,,AllPub,6,7,TA,TA,3,2010,700
17,18,10791,1967,1967,72.0,AllPub,4,5,TA,TA,10,2006,500
18,19,13695,2004,2004,66.0,AllPub,5,5,TA,TA,6,2008,0
19,20,7560,1958,1965,70.0,AllPub,5,6,TA,TA,5,2009,0
20,21,14215,2005,2006,101.0,AllPub,8,5,Gd,TA,11,2006,0
21,22,7449,1930,1950,57.0,AllPub,7,7,TA,TA,6,2007,0
22,23,9742,2002,2002,75.0,AllPub,8,5,Gd,TA,9,2008,0
23,24,4224,1976,1976,44.0,AllPub,5,7,TA,TA,6,2007,0
24,25,8246,1968,2001,,AllPub,5,8,TA,Gd,5,2010,0
25,26,14230,2007,2007,110.0,AllPub,8,5,Gd,TA,7,2009,0
26,27,7200,1951,2000,60.0,AllPub,5,7,TA,TA,5,2010,0
27,28,11478,2007,2008,98.0,AllPub,8,5,Gd,TA,5,2010,0
28,29,16321,1957,1997,47.0,AllPub,5,6,TA,TA,12,2006,0
29,30,6324,1927,1950,60.0,AllPub,4,6,TA,TA,5,2008,0
30,31,8500,1920,1950,50.0,AllPub,4,4,TA,Fa,7,2008,0
31,32,8544,1966,2006,,AllPub,5,6,TA,TA,6,2008,0
32,33,11049,2007,2007,85.0,AllPub,8,5,Gd,TA,1,2008,0
33,34,10552,1959,1959,70.0,AllPub,5,5,TA,TA,4,2010,0
34,35,7313,2005,2005,60.0,AllPub,9,5,Ex,TA,8,2007,0
35,36,13418,2004,2005,108.0,AllPub,8,5,Gd,TA,9,2006,0
36,37,10859,1994,1995,112.0,AllPub,5,5,TA,TA,6,2009,0
37,38,8532,1954,1990,74.0,AllPub,5,6,TA,TA,10,2009,0
38,39,7922,1953,2007,68.0,AllPub,5,7,TA,Gd,1,2010,0
39,40,6040,1955,1955,65.0,AllPub,4,5,TA,TA,6,2008,0
40,41,8658,1965,1965,84.0,AllPub,6,5,TA,TA,12,2006,0
41,42,16905,1959,1959,115.0,AllPub,5,6,TA,Gd,7,2007,0
42,43,9180,1983,1983,,AllPub,5,7,TA,TA,12,2007,0
43,44,9200,1975,1980,,AllPub,5,6,TA,TA,7,2008,0
44,45,7945,1959,1959,70.0,AllPub,5,6,TA,TA,5,2006,0
45,46,7658,2005,2005,61.0,AllPub,9,5,Ex,TA,2,2010,0
46,47,12822,2003,2003,48.0,AllPub,7,5,Gd,TA,8,2009,0
47,48,11096,2006,2006,84.0,AllPub,8,5,Gd,TA,7,2007,0
48,49,4456,1920,2008,33.0,AllPub,4,5,TA,TA,6,2009,0
49,50,7742,1966,1966,66.0,AllPub,5,7,TA,TA,1,2007,0
50,51,13869,1997,1997,,AllPub,6,6,TA,TA,7,2007,0
51,52,6240,1934,1950,52.0,AllPub,6,6,TA,TA,9,2006,400
52,53,8472,1963,1963,110.0,AllPub,5,5,Fa,TA,5,2010,0
53,54,50271,1981,1987,68.0,AllPub,9,5,Gd,TA,11,2006,0
54,55,7134,1955,1955,60.0,AllPub,5,5,TA,TA,2,2007,0
55,56,10175,1964,1964,100.0,AllPub,6,5,TA,TA,7,2008,0
56,57,2645,1999,2000,24.0,AllPub,8,5,Gd,TA,8,2009,0
57,58,11645,2004,2004,89.0,AllPub,7,5,Gd,TA,8,2006,0
58,59,13682,2006,2006,66.0,AllPub,10,5,Ex,TA,10,2006,0
59,60,7200,1972,1972,60.0,AllPub,5,7,TA,TA,1,2008,0
60,61,13072,2004,2004,63.0,AllPub,6,5,TA,TA,5,2006,0
61,62,7200,1920,1996,60.0,AllPub,5,7,TA,TA,3,2007,0
62,63,6442,2006,2006,44.0,AllPub,8,5,Gd,TA,10,2007,0
63,64,10300,1921,1950,50.0,AllPub,7,6,TA,TA,4,2010,0
64,65,9375,1997,1998,,AllPub,7,5,TA,TA,2,2009,0
65,66,9591,2004,2005,76.0,AllPub,8,5,Gd,TA,10,2007,0
66,67,19900,1970,1989,,AllPub,7,5,TA,TA,7,2010,0
67,68,10665,2003,2003,72.0,AllPub,7,5,Gd,TA,6,2007,0
68,69,4608,1945,1950,47.0,AllPub,4,6,TA,Gd,6,2010,0
69,70,15593,1953,1953,81.0,AllPub,7,4,Gd,TA,7,2006,0
70,71,13651,1973,1973,95.0,AllPub,7,6,TA,Gd,2,2007,0
71,72,7599,1982,2006,69.0,AllPub,4,6,TA,TA,6,2007,0
72,73,10141,1998,1998,74.0,AllPub,7,5,TA,TA,12,2009,0
73,74,10200,1954,2003,85.0,AllPub,5,7,TA,TA,5,2010,0
74,75,5790,1915,1950,60.0,AllPub,3,6,Gd,Gd,5,2010,0
75,76,1596,1973,1973,21.0,AllPub,4,5,TA,TA,11,2009,0
76,77,8475,1956,1956,,AllPub,4,7,TA,TA,4,2008,0
77,78,8635,1948,2001,50.0,AllPub,5,5,TA,TA,1,2008,0
78,79,10778,1968,1968,72.0,AllPub,4,5,TA,TA,4,2010,0
79,80,10440,1910,1981,60.0,AllPub,5,6,TA,TA,5,2009,0
80,81,13000,1968,1968,100.0,AllPub,6,6,TA,Gd,6,2009,0
81,82,4500,1998,1998,32.0,AllPub,6,5,TA,Gd,3,2006,0
82,83,10206,2007,2007,78.0,AllPub,8,5,TA,TA,10,2008,0
83,84,8892,1960,1960,80.0,AllPub,5,5,TA,TA,7,2007,0
84,85,8530,1995,1996,,AllPub,7,5,TA,TA,5,2009,700
85,86,16059,1991,1992,121.0,AllPub,8,5,Gd,TA,4,2006,0
86,87,11911,2005,2005,122.0,AllPub,6,5,Gd,TA,3,2009,0
87,88,3951,2009,2009,40.0,AllPub,6,5,Gd,TA,6,2009,0
88,89,8470,1915,1982,105.0,AllPub,3,2,Fa,Fa,10,2009,0
89,90,8070,1994,1995,60.0,AllPub,4,5,TA,TA,8,2007,0
90,91,7200,1950,1950,60.0,AllPub,4,5,TA,TA,7,2006,0
91,92,8500,1961,1961,85.0,AllPub,5,3,TA,TA,12,2006,0
92,93,13360,1921,2006,80.0,AllPub,5,7,TA,Gd,8,2009,0
93,94,7200,1910,1998,60.0,AllPub,6,6,TA,TA,11,2007,0
94,95,9337,1997,1997,69.0,AllPub,6,5,TA,Gd,5,2007,0
95,96,9765,1993,1993,,AllPub,6,8,Ex,Gd,4,2009,480
96,97,10264,1999,1999,78.0,AllPub,7,5,Gd,TA,8,2006,0
97,98,10921,1965,1965,73.0,AllPub,4,5,TA,TA,5,2007,0
98,99,10625,1920,1950,85.0,AllPub,5,5,TA,TA,5,2010,400
99,100,9320,1959,1959,77.0,AllPub,4,5,TA,TA,1,2010,400
100,101,10603,1977,2001,,AllPub,6,7,TA,TA,2,2010,0
101,102,9206,1985,1985,77.0,AllPub,6,5,Gd,TA,6,2010,0
102,103,7018,1979,1979,64.0,AllPub,5,5,TA,Fa,6,2009,0
103,104,10402,2009,2009,94.0,AllPub,7,5,TA,TA,5,2010,0
104,105,7758,1931,1950,,AllPub,7,4,TA,Fa,6,2007,0
105,106,9375,2003,2004,75.0,AllPub,8,5,Gd,TA,8,2008,0
106,107,10800,1885,1995,60.0,AllPub,4,7,TA,TA,8,2007,450
107,108,6000,1948,1950,50.0,AllPub,5,5,TA,TA,4,2008,0
108,109,8500,1919,2005,85.0,AllPub,5,7,TA,TA,8,2007,0
109,110,11751,1977,1977,105.0,AllPub,6,6,TA,TA,1,2010,0
110,111,9525,1954,1972,75.0,AllPub,6,4,TA,TA,10,2006,0
111,112,7750,2000,2000,,AllPub,7,5,TA,TA,4,2010,0
112,113,9965,2007,2007,77.0,AllPub,7,5,Gd,TA,10,2007,0
113,114,21000,1953,1953,,AllPub,6,5,TA,Gd,10,2007,0
114,115,7259,1945,2002,61.0,AllPub,6,8,TA,TA,7,2007,0
115,116,3230,1999,1999,34.0,AllPub,6,5,TA,TA,6,2007,0
116,117,11616,1962,1962,,AllPub,5,5,TA,TA,9,2009,0
117,118,8536,2006,2007,74.0,AllPub,5,5,TA,TA,4,2007,0
118,119,12376,1990,1990,90.0,AllPub,7,5,TA,TA,5,2010,0
119,120,8461,2005,2006,65.0,AllPub,6,5,Gd,TA,7,2006,0
120,121,21453,1969,1969,,AllPub,6,5,TA,TA,10,2006,0
121,122,6060,1939,1950,50.0,AllPub,4,5,TA,TA,6,2007,0
122,123,9464,1958,1958,75.0,AllPub,6,7,TA,Gd,6,2008,0
123,124,7892,1993,1993,55.0,AllPub,6,5,Gd,TA,3,2008,0
124,125,17043,1979,1998,48.0,AllPub,6,5,TA,Gd,1,2009,0
125,126,6780,1935,1982,60.0,AllPub,6,8,TA,Fa,6,2006,0
126,127,4928,1976,1976,,AllPub,6,5,TA,TA,2,2007,0
127,128,4388,1930,1950,55.0,AllPub,5,7,TA,Gd,6,2007,0
128,129,7590,1966,1966,69.0,AllPub,6,5,TA,TA,7,2006,0
129,130,8973,1958,1991,69.0,AllPub,5,7,TA,TA,7,2006,0
130,131,14200,1966,1966,88.0,AllPub,7,6,TA,TA,5,2006,0
131,132,12224,2000,2000,,AllPub,6,5,Gd,TA,7,2009,0
132,133,7388,1959,2002,75.0,AllPub,5,6,TA,TA,7,2007,0
133,134,6853,2001,2002,,AllPub,8,5,Gd,TA,6,2009,0
134,135,10335,1968,1993,78.0,AllPub,5,6,TA,TA,7,2006,0
135,136,10400,1970,1970,80.0,AllPub,7,6,TA,TA,5,2008,0
136,137,10355,1967,1967,,AllPub,5,5,TA,TA,7,2007,0
137,138,11070,1988,1989,82.0,AllPub,7,5,TA,TA,7,2006,0
138,139,9066,1999,2000,73.0,AllPub,8,5,Gd,TA,12,2008,0
139,140,15426,1997,1997,65.0,AllPub,6,5,TA,TA,8,2009,0
140,141,10500,1971,1971,70.0,AllPub,4,5,TA,TA,4,2010,0
141,142,11645,2005,2005,78.0,AllPub,7,5,Gd,TA,1,2006,0
142,143,8520,1952,1952,71.0,AllPub,5,4,TA,Fa,6,2010,0
143,144,10335,1999,1999,78.0,AllPub,7,5,Gd,TA,6,2009,0
144,145,9100,1963,1963,70.0,AllPub,5,5,TA,TA,11,2006,0
145,146,2522,2004,2006,24.0,AllPub,6,5,Gd,TA,4,2006,0
146,147,6120,1931,1993,51.0,AllPub,5,7,TA,TA,11,2009,0
147,148,9505,2001,2001,,AllPub,7,5,Gd,TA,5,2010,0
148,149,7500,2004,2005,63.0,AllPub,7,5,TA,TA,4,2008,0
149,150,6240,1936,1950,,AllPub,5,4,TA,TA,4,2006,0
150,151,10356,1975,1975,120.0,AllPub,5,6,TA,TA,1,2007,0
151,152,13891,2007,2008,107.0,AllPub,8,5,Gd,TA,1,2008,0
152,153,14803,1971,1971,,AllPub,6,5,TA,TA,6,2006,0
153,154,13500,1960,1975,,AllPub,6,7,TA,TA,3,2008,0
154,155,11340,1923,1950,84.0,AllPub,6,5,TA,TA,3,2006,0
155,156,9600,1924,1950,60.0,AllPub,6,5,TA,TA,4,2008,0
156,157,7200,1950,1950,60.0,AllPub,5,7,TA,TA,6,2006,0
157,158,12003,2009,2010,92.0,AllPub,8,5,Gd,TA,5,2010,0
158,159,12552,2004,2005,100.0,AllPub,7,5,Gd,TA,5,2010,0
159,160,19378,2005,2006,134.0,AllPub,7,5,Gd,TA,3,2006,0
160,161,11120,1984,1984,,AllPub,6,6,TA,TA,6,2008,0
161,162,13688,2003,2004,110.0,AllPub,9,5,Gd,TA,3,2008,0
162,163,12182,2005,2005,95.0,AllPub,7,5,Gd,TA,5,2010,0
163,164,5500,1956,1956,55.0,AllPub,4,6,TA,TA,4,2007,0
164,165,5400,1926,2004,40.0,AllPub,6,7,TA,Gd,10,2007,0
165,166,10106,1940,1999,62.0,AllPub,5,7,TA,Gd,9,2008,0
166,167,10708,1955,1993,,AllPub,5,5,Gd,TA,11,2009,0
167,168,10562,2007,2007,86.0,AllPub,8,5,Gd,TA,11,2007,0
168,169,8244,2004,2004,62.0,AllPub,7,5,Gd,TA,5,2007,0
169,170,16669,1981,1981,,AllPub,8,6,Gd,TA,1,2006,0
170,171,12358,1941,1950,,AllPub,5,6,TA,TA,5,2007,0
171,172,31770,1960,1960,141.0,AllPub,6,5,TA,TA,5,2010,0
172,173,5306,1987,1987,44.0,AllPub,7,7,Gd,Gd,6,2006,0
173,174,10197,1961,1961,80.0,AllPub,6,5,TA,TA,6,2008,0
174,175,12416,1986,1986,47.0,AllPub,6,5,TA,TA,11,2008,0
175,176,12615,1950,2001,84.0,AllPub,6,7,TA,TA,6,2007,0
176,177,10029,1988,1989,97.0,AllPub,6,5,Gd,TA,9,2007,0
177,178,13650,1958,1958,,AllPub,5,5,Gd,Gd,7,2006,0
178,179,17423,2008,2009,63.0,AllPub,9,5,Ex,TA,7,2009,0
179,180,8520,1923,2006,60.0,AllPub,5,6,Gd,TA,7,2007,0
180,181,2117,2000,2000,,AllPub,6,5,Gd,TA,6,2007,0
181,182,7588,1920,1950,54.0,AllPub,7,6,TA,TA,7,2006,0
182,183,9060,1957,2006,60.0,AllPub,5,6,TA,TA,6,2007,0
183,184,11426,2003,2003,63.0,AllPub,7,5,TA,TA,6,2008,0
184,185,7438,1908,1991,92.0,AllPub,5,8,TA,TA,6,2006,0
185,186,22950,1892,1993,90.0,AllPub,10,9,Gd,Gd,6,2006,0
186,187,9947,1990,1991,,AllPub,7,5,TA,TA,6,2009,0
187,188,10410,1916,1987,60.0,AllPub,5,7,TA,TA,8,2009,0
188,189,7018,1979,1979,64.0,AllPub,5,5,TA,TA,6,2009,0
189,190,4923,2001,2002,41.0,AllPub,8,5,Gd,TA,8,2008,0
190,191,10570,1932,1994,70.0,AllPub,8,8,Gd,TA,12,2007,0
191,192,7472,1972,2004,,AllPub,7,9,TA,TA,6,2007,0
192,193,9017,1999,1999,68.0,AllPub,7,5,Gd,TA,9,2009,0
193,194,2522,2004,2004,24.0,AllPub,7,5,Gd,TA,5,2006,0
194,195,7180,1972,1972,60.0,AllPub,5,7,TA,TA,5,2008,0
195,196,2280,1976,1976,24.0,AllPub,6,6,TA,TA,7,2009,0
196,197,9416,2007,2007,79.0,AllPub,7,5,Ex,TA,9,2007,0
197,198,25419,1918,1990,174.0,AllPub,8,4,Gd,Gd,3,2006,0
198,199,5520,1912,1950,92.0,AllPub,6,6,TA,TA,7,2009,0
199,200,9591,2004,2005,76.0,AllPub,8,5,Gd,TA,1,2009,0
200,201,8546,2003,2004,80.0,AllPub,4,5,TA,TA,3,2010,0
201,202,10125,1977,1977,75.0,AllPub,6,6,TA,TA,2,2008,0
202,203,7000,1924,1950,50.0,AllPub,6,6,TA,Gd,5,2006,0
203,204,4438,2004,2004,,AllPub,6,5,Gd,TA,1,2008,0
204,205,3500,1947,1950,50.0,AllPub,5,7,TA,TA,4,2009,0
205,206,11851,1990,1990,99.0,AllPub,7,5,TA,TA,5,2009,0
206,207,13673,1962,1962,40.0,AllPub,5,5,TA,Gd,3,2007,0
207,208,12493,1960,1960,,AllPub,4,5,TA,TA,4,2008,0
208,209,14364,1988,1989,,AllPub,7,5,Gd,TA,4,2007,0
209,210,8250,1964,1964,75.0,AllPub,6,7,TA,TA,7,2008,0
210,211,5604,1925,1950,67.0,AllPub,5,6,TA,TA,4,2008,0
211,212,10420,2009,2009,83.0,AllPub,6,5,TA,TA,3,2010,0
212,213,8640,2009,2009,72.0,AllPub,7,5,TA,TA,7,2009,0
213,214,13568,1995,1995,43.0,AllPub,5,5,TA,TA,7,2006,0
214,215,10900,1977,1977,,AllPub,6,7,TA,TA,3,2010,450
215,216,10011,1957,1996,72.0,AllPub,5,6,TA,TA,5,2006,0
216,217,8450,2004,2004,65.0,AllPub,7,5,Gd,TA,4,2008,0
217,218,9906,1925,1950,57.0,AllPub,4,4,TA,TA,9,2006,0
218,219,15660,1939,2006,,AllPub,7,9,Gd,Gd,5,2008,0
219,220,3010,2005,2006,43.0,AllPub,7,5,Gd,TA,3,2006,0
220,221,8990,2006,2006,73.0,AllPub,7,5,Gd,TA,4,2006,0
221,222,8068,2002,2002,,AllPub,6,5,Gd,TA,12,2009,0
222,223,11475,1975,1975,85.0,AllPub,6,6,TA,TA,2,2006,0
223,224,10500,1971,1971,70.0,AllPub,4,6,TA,TA,3,2009,0
224,225,13472,2003,2003,103.0,AllPub,10,5,Ex,TA,6,2009,0
225,226,1680,1971,1971,21.0,AllPub,5,5,TA,TA,5,2009,0
226,227,9950,1995,1995,82.0,AllPub,7,5,Gd,TA,6,2007,0
227,228,1869,1970,1970,21.0,AllPub,6,6,TA,TA,9,2008,0
228,229,8521,1967,1967,70.0,AllPub,5,5,TA,TA,5,2010,0
229,230,3182,2005,2006,43.0,AllPub,7,5,Gd,TA,5,2009,0
230,231,8760,1959,1959,73.0,AllPub,6,6,TA,TA,4,2010,0
231,232,15138,1995,1996,174.0,AllPub,8,5,Gd,TA,7,2009,0
232,233,1680,1972,1972,21.0,AllPub,6,5,TA,TA,6,2006,0
233,234,10650,1976,1976,75.0,AllPub,5,6,TA,TA,2,2010,0
234,235,7851,2002,2002,,AllPub,6,5,Gd,TA,5,2010,0
235,236,1680,1971,1971,21.0,AllPub,6,3,TA,TA,8,2008,0
236,237,8773,2004,2004,65.0,AllPub,7,5,Gd,TA,5,2010,0
237,238,9453,1993,2003,,AllPub,7,7,Gd,TA,2,2010,0
238,239,12030,2007,2007,93.0,AllPub,8,5,Ex,TA,12,2007,0
239,240,8741,1945,1950,52.0,AllPub,6,4,TA,TA,4,2010,0
240,241,9000,2008,2008,75.0,AllPub,8,5,Gd,TA,4,2010,0
241,242,3880,1945,1997,40.0,AllPub,5,9,TA,Gd,8,2007,0
242,243,5000,1900,1950,63.0,AllPub,5,4,TA,TA,4,2006,0
243,244,10762,1980,1980,75.0,AllPub,6,6,TA,TA,4,2009,0
244,245,8880,1994,2002,,AllPub,7,5,Gd,TA,5,2010,0
245,246,10400,1988,1988,80.0,AllPub,7,5,TA,TA,6,2006,0
246,247,9142,1910,1950,69.0,AllPub,6,8,TA,Fa,4,2006,0
247,248,11310,1954,1954,75.0,AllPub,6,5,TA,TA,6,2006,0
248,249,11317,2003,2003,72.0,AllPub,7,5,Gd,TA,9,2007,0
249,250,159000,1958,2006,,AllPub,6,7,Gd,TA,6,2007,500
250,251,5350,1940,1966,55.0,AllPub,3,2,TA,Po,5,2010,450
251,252,4750,2006,2007,44.0,AllPub,8,5,Gd,TA,12,2007,0
252,253,8366,2004,2004,65.0,AllPub,6,5,Gd,TA,12,2008,0
253,254,9350,1964,1991,85.0,AllPub,6,7,TA,TA,10,2007,0
254,255,8400,1957,1957,70.0,AllPub,5,6,TA,Gd,6,2010,0
255,256,8738,1999,1999,66.0,AllPub,7,5,Gd,TA,2,2006,0
256,257,8791,2003,2003,64.0,AllPub,6,5,Gd,TA,5,2008,0
257,258,8814,2006,2006,68.0,AllPub,7,5,Gd,TA,3,2009,0
258,259,12435,2001,2001,80.0,AllPub,7,5,Gd,TA,5,2008,0
259,260,12702,1956,1956,70.0,AllPub,5,5,TA,TA,12,2008,0
260,261,19296,1962,1962,120.0,AllPub,6,5,TA,TA,5,2009,0
261,262,9588,2007,2007,69.0,AllPub,8,5,Gd,TA,11,2007,0
262,263,8471,1977,1995,88.0,AllPub,6,7,TA,TA,7,2006,0
263,264,5500,1929,2001,50.0,AllPub,5,7,TA,TA,4,2010,0
264,265,5232,1925,2004,30.0,AllPub,5,5,TA,TA,6,2008,0
265,266,12090,1981,1981,78.0,AllPub,6,6,TA,Gd,6,2008,0
266,267,11207,1997,1997,70.0,AllPub,6,5,TA,TA,6,2006,0
267,268,8400,1939,1997,60.0,AllPub,5,8,TA,TA,7,2008,0
268,269,6900,1940,1955,71.0,AllPub,5,6,TA,TA,2,2008,0
269,270,7917,1976,1976,,AllPub,6,7,TA,Gd,5,2007,0
270,271,10728,2006,2006,84.0,AllPub,8,5,Gd,TA,8,2006,0
271,272,39104,1954,2005,73.0,AllPub,7,7,TA,TA,4,2008,0
272,273,11764,1999,2007,92.0,AllPub,8,7,Gd,TA,4,2010,0
273,274,9600,1958,1988,80.0,AllPub,6,6,TA,TA,4,2009,0
274,275,8314,1982,1982,76.0,AllPub,5,7,TA,TA,6,2007,0
275,276,7264,1925,2007,55.0,AllPub,7,7,Gd,Gd,10,2009,0
276,277,9196,2003,2003,129.0,AllPub,7,5,Gd,TA,4,2010,0
277,278,19138,1951,1951,140.0,AllPub,4,5,TA,TA,6,2010,0
278,279,14450,2006,2007,107.0,AllPub,9,5,Ex,TA,5,2007,0
279,280,10005,1977,1977,83.0,AllPub,7,5,TA,TA,3,2008,0
280,281,11287,1989,1989,82.0,AllPub,7,6,Gd,TA,1,2007,0
281,282,7200,2006,2006,60.0,AllPub,6,5,Gd,TA,5,2006,0
282,283,5063,2007,2008,34.0,AllPub,7,5,Gd,TA,4,2009,0
283,284,9612,2008,2009,74.0,AllPub,8,5,Gd,TA,12,2009,0
284,285,8012,1992,1992,50.0,AllPub,6,5,Gd,TA,7,2007,0
285,286,4251,2006,2007,35.0,AllPub,7,5,Gd,TA,6,2007,0
286,287,9786,1962,1981,77.0,AllPub,6,7,TA,TA,6,2006,0
287,288,8125,1971,1971,,AllPub,4,4,TA,TA,6,2006,0
288,289,9819,1967,1967,,AllPub,5,5,TA,Gd,2,2010,0
289,290,8730,1915,2003,60.0,AllPub,6,7,TA,TA,7,2007,0
290,291,15611,2006,2006,120.0,AllPub,8,5,Gd,TA,7,2006,0
291,292,5687,1912,2000,55.0,AllPub,5,6,TA,Fa,3,2008,0
292,293,11409,1949,2008,60.0,AllPub,5,4,TA,TA,1,2009,0
293,294,16659,1977,1994,,AllPub,7,7,TA,TA,3,2006,0
294,295,9600,1953,1953,80.0,AllPub,6,5,TA,TA,10,2009,0
295,296,7937,1984,1984,37.0,AllPub,6,6,TA,TA,3,2006,0
296,297,13710,1950,1950,75.0,AllPub,5,5,TA,TA,6,2007,0
297,298,7399,1997,1998,66.0,AllPub,7,5,Gd,TA,6,2007,0
298,299,11700,1968,1968,90.0,AllPub,6,6,Gd,TA,6,2007,0
299,300,14000,1950,2004,80.0,AllPub,6,8,TA,Gd,8,2009,0
300,301,15750,1953,1953,90.0,AllPub,5,5,TA,TA,6,2006,0
301,302,16226,1998,1999,66.0,AllPub,8,5,Gd,TA,5,2007,0
302,303,13704,2001,2002,118.0,AllPub,7,5,Gd,TA,1,2006,0
303,304,9800,1972,1972,70.0,AllPub,5,7,TA,TA,7,2006,0
304,305,18386,1880,2002,87.0,AllPub,7,9,TA,TA,5,2008,0
305,306,10386,2004,2005,80.0,AllPub,8,5,Gd,TA,7,2007,0
306,307,13474,1990,1991,116.0,AllPub,7,5,Gd,TA,6,2007,0
307,308,7920,1920,1950,,AllPub,6,7,TA,Fa,3,2008,0
308,309,12342,1940,1950,,AllPub,4,5,TA,TA,3,2009,0
309,310,12378,2003,2004,90.0,AllPub,9,5,Gd,TA,11,2006,0
310,311,7685,1993,1994,,AllPub,6,5,TA,TA,5,2006,0
311,312,8000,1948,2002,50.0,AllPub,6,6,TA,Gd,5,2009,0
312,313,7800,1939,1950,65.0,AllPub,5,7,TA,TA,5,2006,0
313,314,215245,1965,1965,150.0,AllPub,7,5,TA,TA,6,2009,0
314,315,9600,1925,1990,60.0,AllPub,7,7,TA,TA,8,2006,0
315,316,7795,2004,2005,71.0,AllPub,7,5,Gd,TA,7,2009,0
316,317,13005,1980,1980,94.0,AllPub,7,7,Gd,TA,8,2009,0
317,318,9000,2006,2006,75.0,AllPub,8,5,Gd,TA,12,2007,0
318,319,9900,1993,1993,90.0,AllPub,7,5,Gd,TA,4,2009,0
319,320,14115,1980,1980,,AllPub,7,5,TA,TA,6,2009,0
320,321,16259,2006,2006,111.0,AllPub,9,5,TA,TA,9,2006,0
321,322,12099,2004,2004,99.0,AllPub,8,5,Gd,TA,6,2007,0
322,323,10380,1986,1987,86.0,AllPub,7,5,Gd,TA,8,2007,0
323,324,5820,1955,2005,49.0,AllPub,3,8,TA,Gd,7,2006,0
324,325,11275,1967,2007,96.0,AllPub,7,7,Gd,Gd,6,2010,0
325,326,5000,1941,1950,50.0,AllPub,5,6,TA,TA,12,2007,0
326,327,10846,1993,1993,32.0,AllPub,8,5,Gd,TA,5,2008,0
327,328,11600,1960,1960,80.0,AllPub,6,5,TA,TA,4,2006,0
328,329,11888,1916,1994,,AllPub,6,6,TA,TA,7,2009,0
329,330,6402,1920,1950,60.0,AllPub,5,5,TA,TA,7,2009,0
330,331,10624,1964,1964,,AllPub,5,4,TA,TA,11,2007,0
331,332,8176,1958,1992,70.0,AllPub,5,6,TA,TA,8,2007,0
332,333,10655,2003,2004,85.0,AllPub,8,5,Gd,TA,10,2009,0
333,334,8198,2004,2004,59.0,AllPub,7,5,Gd,TA,7,2008,0
334,335,9042,1998,1998,59.0,AllPub,6,5,TA,TA,7,2008,0
335,336,164660,1965,1965,,AllPub,5,6,TA,TA,8,2008,700
336,337,14157,2005,2006,86.0,AllPub,9,5,Gd,TA,7,2007,0
337,338,9135,2002,2003,70.0,AllPub,7,5,Gd,TA,12,2008,0
338,339,14145,1984,1998,91.0,AllPub,7,7,Gd,TA,5,2006,400
339,340,12400,1958,1998,66.0,AllPub,6,7,TA,TA,6,2009,0
340,341,14191,2002,2002,85.0,AllPub,8,5,Gd,TA,4,2010,0
341,342,8400,1950,1950,60.0,AllPub,4,4,Fa,Fa,9,2009,0
342,343,8544,1949,1950,,AllPub,3,4,TA,TA,5,2006,0
343,344,8849,2005,2005,63.0,AllPub,9,5,Ex,TA,7,2008,0
344,345,2592,1976,1976,36.0,AllPub,5,3,TA,TA,4,2010,0
345,346,6435,1939,1950,65.0,AllPub,6,5,TA,TA,10,2006,0
346,347,12772,1960,1998,,AllPub,6,8,TA,Gd,4,2007,15500
347,348,17600,1960,1960,,AllPub,6,5,TA,TA,12,2009,0
348,349,2448,2003,2004,36.0,AllPub,7,5,Gd,TA,10,2008,0
349,350,20431,2005,2006,56.0,AllPub,9,5,Ex,TA,4,2006,0
350,351,7820,2007,2007,68.0,AllPub,9,5,Ex,TA,12,2007,0
351,352,5271,1986,1986,,AllPub,7,5,TA,TA,12,2006,0
352,353,9084,1941,1950,60.0,AllPub,5,6,TA,TA,3,2008,0
353,354,8520,1928,2003,60.0,AllPub,6,8,TA,Gd,5,2010,0
354,355,8400,1940,2000,60.0,AllPub,6,5,TA,TA,6,2006,0
355,356,11249,1995,1995,105.0,AllPub,6,5,Gd,Gd,8,2007,0
356,357,9248,1992,1992,,AllPub,6,6,TA,TA,7,2009,0
357,358,4224,1976,1976,44.0,AllPub,5,5,TA,TA,8,2007,0
358,359,6930,1958,1958,92.0,AllPub,5,4,TA,TA,7,2006,0
359,360,12011,1998,1998,78.0,AllPub,8,5,Gd,TA,6,2006,0
360,361,7540,1978,1978,,AllPub,6,6,TA,TA,6,2007,0
361,362,9144,1940,1982,,AllPub,5,5,TA,TA,7,2008,0
362,363,7301,2003,2003,64.0,AllPub,7,5,Gd,TA,7,2009,0
363,364,1680,1972,2007,21.0,AllPub,6,8,TA,TA,5,2009,0
364,365,18800,1976,1976,,AllPub,6,5,TA,TA,7,2006,0
365,366,10690,1920,1997,59.0,AllPub,5,7,TA,Gd,7,2009,0
366,367,9500,1963,1963,,AllPub,6,5,TA,TA,7,2009,0
367,368,9150,1962,1962,101.0,AllPub,6,5,TA,TA,12,2008,0
368,369,7800,1954,1954,78.0,AllPub,5,6,TA,TA,3,2010,0
369,370,9830,1959,2006,,AllPub,5,7,TA,Gd,3,2010,0
370,371,8121,2000,2000,,AllPub,6,5,TA,TA,1,2006,0
371,372,17120,1959,1959,80.0,AllPub,4,4,TA,TA,7,2008,0
372,373,7175,1984,1984,50.0,AllPub,6,5,TA,TA,2,2010,0
373,374,10634,1953,1953,79.0,AllPub,5,6,TA,TA,11,2009,0
374,375,8200,2003,2004,65.0,AllPub,7,5,Gd,TA,7,2007,0
375,376,10020,1922,1950,,AllPub,1,1,Fa,Fa,3,2009,0
376,377,8846,1996,1996,57.0,AllPub,5,5,Gd,TA,7,2006,0
377,378,11143,2004,2005,102.0,AllPub,8,5,Gd,TA,12,2007,0
378,379,11394,2010,2010,88.0,AllPub,9,2,Gd,TA,6,2010,0
379,380,8123,2000,2000,60.0,AllPub,6,5,TA,TA,6,2009,0
380,381,5000,1924,1950,50.0,AllPub,5,6,TA,TA,5,2010,0
381,382,7200,2006,2006,60.0,AllPub,7,5,Gd,TA,8,2006,0
382,383,9245,2006,2006,79.0,AllPub,7,5,Gd,TA,4,2007,0
383,384,9000,1928,1950,60.0,AllPub,6,3,TA,TA,10,2009,0
384,385,53107,1992,1992,,AllPub,6,5,Gd,TA,6,2007,0
385,386,3182,2004,2005,43.0,AllPub,8,5,Gd,TA,4,2010,0
386,387,8410,1910,1996,58.0,AllPub,5,3,TA,Fa,5,2006,0
387,388,7200,1976,1976,72.0,AllPub,6,6,TA,TA,10,2009,0
388,389,9382,1999,2000,93.0,AllPub,7,5,Gd,TA,7,2008,0
389,390,12474,2007,2008,96.0,AllPub,10,5,Ex,TA,8,2008,0
390,391,8405,1900,1950,50.0,AllPub,5,8,TA,TA,4,2008,0
391,392,12209,2001,2002,71.0,AllPub,6,5,TA,TA,6,2009,0
392,393,8339,1959,1959,,AllPub,5,7,TA,TA,7,2007,1200
393,394,7446,1941,1950,,AllPub,4,5,TA,TA,4,2006,0
394,395,10134,1940,1950,60.0,AllPub,5,6,TA,TA,7,2007,0
395,396,9571,1956,1956,68.0,AllPub,5,6,TA,TA,6,2010,0
396,397,7200,1972,1972,60.0,AllPub,5,5,TA,TA,9,2009,0
397,398,7590,1962,1962,69.0,AllPub,5,5,TA,TA,7,2007,0
398,399,8967,1920,1950,60.0,AllPub,5,2,TA,Fa,11,2007,0
399,400,8125,2006,2007,65.0,AllPub,7,5,Gd,TA,10,2009,0
400,401,14963,1996,1996,38.0,AllPub,8,5,Gd,TA,12,2008,0
401,402,8767,2005,2005,65.0,AllPub,7,5,Gd,TA,7,2006,0
402,403,10200,1940,1997,60.0,AllPub,5,8,TA,TA,8,2008,0
403,404,12090,1998,1998,93.0,AllPub,8,5,Gd,TA,7,2006,0
404,405,10364,1995,1996,,AllPub,6,5,TA,TA,5,2007,0
405,406,9991,1976,1993,,AllPub,4,4,TA,TA,6,2009,0
406,407,10480,1936,1950,51.0,AllPub,6,5,TA,TA,3,2008,0
407,408,15576,1915,1976,63.0,AllPub,6,7,TA,TA,3,2008,0
408,409,14154,2006,2006,109.0,AllPub,7,5,Gd,TA,8,2007,0
409,410,10800,2007,2008,85.0,AllPub,8,5,Gd,TA,4,2008,0
410,411,9571,1958,1958,68.0,AllPub,5,3,TA,Fa,6,2009,0
411,412,34650,1955,1955,100.0,AllPub,5,5,TA,TA,1,2006,0
412,413,4403,2009,2009,,AllPub,7,5,Ex,TA,6,2010,0
413,414,8960,1927,1950,56.0,AllPub,5,6,TA,TA,3,2010,0
414,415,11228,1993,1993,59.0,AllPub,7,5,Gd,TA,12,2008,0
415,416,8899,2007,2007,73.0,AllPub,7,5,Gd,TA,8,2007,0
416,417,7844,1978,1978,74.0,AllPub,6,7,TA,TA,3,2006,0
417,418,22420,1918,1950,86.0,AllPub,6,6,TA,TA,11,2007,0
418,419,8160,1940,1950,60.0,AllPub,5,6,TA,TA,4,2007,0
419,420,8450,1968,1968,65.0,AllPub,5,6,TA,TA,7,2010,0
420,421,7060,1997,1998,78.0,AllPub,7,5,TA,Gd,11,2008,0
421,422,16635,1977,2000,,AllPub,6,7,Gd,TA,6,2009,0
422,423,21750,1954,1954,100.0,AllPub,5,5,TA,TA,2,2008,0
423,424,9200,1998,1998,80.0,AllPub,8,5,Gd,TA,6,2008,0
424,425,9000,1956,1956,72.0,AllPub,6,5,TA,TA,5,2008,0
425,426,3378,1946,1992,60.0,AllPub,7,8,TA,Gd,9,2009,0
426,427,12800,1989,1989,,AllPub,7,5,Gd,TA,8,2009,0
427,428,8593,1957,1957,77.0,AllPub,4,6,TA,TA,7,2008,0
428,429,6762,2007,2007,64.0,AllPub,7,5,Gd,TA,9,2007,0
429,430,11457,1988,1988,130.0,AllPub,6,5,TA,TA,3,2009,0
430,431,1680,1971,1971,21.0,AllPub,6,5,TA,TA,7,2008,0
431,432,5586,1920,1998,60.0,AllPub,6,7,TA,TA,9,2008,0
432,433,1920,1971,1971,24.0,AllPub,5,5,TA,TA,8,2007,0
433,434,10839,1997,1998,100.0,AllPub,6,5,TA,TA,7,2008,0
434,435,1890,1972,1972,21.0,AllPub,4,7,TA,Gd,6,2008,0
435,436,10667,1996,1996,43.0,AllPub,7,6,Gd,TA,4,2009,0
436,437,4400,1920,1950,40.0,AllPub,6,8,TA,TA,10,2006,0
437,438,6000,1926,2004,50.0,AllPub,6,7,Gd,TA,1,2009,0
438,439,4280,1913,2002,40.0,AllPub,5,6,TA,TA,3,2007,0
439,440,12354,1920,2000,67.0,AllPub,6,8,TA,TA,8,2009,800
440,441,15431,2008,2008,105.0,AllPub,10,5,Ex,TA,4,2009,0
441,442,12108,1955,1955,92.0,AllPub,4,4,TA,TA,9,2008,0
442,443,6240,1930,1992,52.0,AllPub,5,7,TA,TA,6,2008,0
443,444,3922,2006,2007,53.0,AllPub,7,5,Gd,TA,6,2007,0
444,445,8750,1994,1995,70.0,AllPub,7,5,Gd,Gd,7,2008,0
445,446,9855,1956,1956,73.0,AllPub,6,5,TA,TA,11,2009,0
446,447,16492,1966,2002,137.0,AllPub,6,6,Gd,TA,6,2010,0
447,448,11214,1998,1999,,AllPub,7,5,Gd,TA,7,2006,0
448,449,8600,1937,1950,50.0,AllPub,6,6,TA,TA,6,2006,0
449,450,6000,1948,2002,50.0,AllPub,3,7,TA,Gd,6,2007,0
450,451,5684,1930,2005,70.0,AllPub,6,8,TA,TA,6,2006,0
451,452,70761,1975,1975,62.0,AllPub,7,5,TA,TA,12,2006,0
452,453,9303,1996,1997,,AllPub,6,5,Gd,TA,7,2007,0
453,454,9000,2008,2008,75.0,AllPub,8,5,Gd,TA,6,2009,0
454,455,9297,1976,1976,63.0,AllPub,5,5,TA,TA,7,2006,0
455,456,9600,1973,1973,80.0,AllPub,7,6,TA,TA,9,2007,0
456,457,4571,1916,1950,34.0,AllPub,5,5,TA,TA,5,2008,0
457,458,53227,1954,1994,,AllPub,4,6,TA,TA,3,2008,0
458,459,5100,1925,1996,,AllPub,8,7,TA,Gd,6,2008,0
459,460,7015,1950,1950,,AllPub,5,4,TA,TA,7,2009,0
460,461,8004,2009,2009,75.0,AllPub,8,5,Gd,TA,12,2009,0
461,462,7200,1936,2007,60.0,AllPub,7,9,Gd,Gd,4,2009,0
462,463,8281,1965,1965,60.0,AllPub,5,5,TA,TA,12,2009,0
463,464,11988,1934,1995,74.0,AllPub,6,7,TA,TA,8,2008,0
464,465,8430,1978,1978,60.0,AllPub,5,5,TA,TA,8,2009,0
465,466,3072,2004,2004,,AllPub,7,5,Gd,TA,5,2006,0
466,467,10628,1970,1970,85.0,AllPub,7,5,TA,Gd,4,2007,0
467,468,9480,1942,1995,79.0,AllPub,5,7,TA,TA,6,2007,0
468,469,11428,2006,2006,98.0,AllPub,8,5,Gd,TA,5,2007,0
469,470,9291,1993,1993,76.0,AllPub,6,5,Gd,TA,6,2008,0
470,471,6820,1985,1985,,AllPub,8,5,Gd,TA,6,2010,0
471,472,11952,1977,1977,92.0,AllPub,7,6,TA,TA,11,2007,0
472,473,3675,2005,2005,35.0,AllPub,6,5,TA,TA,6,2008,0
473,474,14977,2006,2007,110.0,AllPub,8,5,Gd,TA,7,2007,0
474,475,5330,2000,2000,41.0,AllPub,8,5,Gd,TA,8,2007,0
475,476,8480,1963,1963,80.0,AllPub,5,6,TA,TA,7,2007,0
476,477,13125,1997,1998,75.0,AllPub,6,5,TA,TA,4,2008,0
477,478,13693,2006,2006,105.0,AllPub,9,5,Ex,TA,3,2007,0
478,479,10637,2007,2008,79.0,AllPub,8,5,Gd,TA,9,2009,0
479,480,5925,1937,2000,50.0,AllPub,4,7,TA,TA,3,2007,0
480,481,16033,2004,2005,98.0,AllPub,9,5,Gd,TA,3,2006,0
481,482,11846,2003,2004,72.0,AllPub,9,5,Gd,TA,8,2006,0
482,483,2500,1915,2005,50.0,AllPub,7,8,Gd,TA,6,2009,0
483,484,4500,1998,1998,32.0,AllPub,6,5,TA,TA,5,2006,0
484,485,7758,1962,2001,,AllPub,5,7,TA,Gd,3,2007,0
485,486,9600,1950,2007,80.0,AllPub,5,7,Gd,TA,7,2009,0
486,487,10289,1965,1965,79.0,AllPub,5,7,TA,TA,6,2007,0
487,488,12243,1971,1971,70.0,AllPub,5,6,TA,TA,2,2007,0
488,489,10800,1900,1970,60.0,AllPub,5,4,TA,Fa,5,2006,0
489,490,1526,1970,2002,21.0,AllPub,4,8,TA,Gd,5,2009,0
490,491,2665,1976,1976,,AllPub,5,6,TA,TA,6,2008,0
491,492,9490,1941,1950,79.0,AllPub,6,7,TA,TA,8,2006,0
492,493,15578,2006,2006,105.0,AllPub,6,5,Gd,TA,5,2006,0
493,494,7931,1960,1960,70.0,AllPub,5,6,TA,TA,6,2008,0
494,495,5784,1938,1996,50.0,AllPub,5,8,TA,TA,12,2009,0
495,496,7879,1920,1950,60.0,AllPub,4,5,TA,TA,11,2009,0
496,497,12692,1992,1993,,AllPub,8,5,Gd,TA,5,2007,0
497,498,9120,1925,1950,60.0,AllPub,7,6,TA,Gd,6,2008,0
498,499,7800,1967,2004,65.0,AllPub,5,7,TA,TA,6,2009,0
499,500,7535,1958,1985,70.0,AllPub,5,7,TA,TA,6,2007,480
500,501,1890,1973,1973,21.0,AllPub,6,5,TA,TA,5,2007,0
501,502,9803,2005,2005,75.0,AllPub,7,5,Gd,TA,2,2008,0
502,503,9170,1965,1965,70.0,AllPub,5,7,TA,TA,4,2007,400
503,504,15602,1959,1997,100.0,AllPub,7,8,TA,TA,3,2010,0
504,505,2308,1974,1974,24.0,AllPub,6,5,TA,TA,6,2009,0
505,506,7596,1952,1952,60.0,AllPub,5,5,TA,TA,7,2009,0
506,507,9554,1993,1994,80.0,AllPub,8,5,Gd,TA,9,2006,0
507,508,7862,2009,2009,75.0,AllPub,6,5,Gd,TA,9,2009,0
508,509,9600,1928,2005,60.0,AllPub,7,9,TA,Ex,10,2008,0
509,510,9600,1959,1959,80.0,AllPub,5,6,TA,TA,7,2009,0
510,511,14559,1951,2000,75.0,AllPub,5,7,Gd,TA,6,2009,2000
511,512,6792,2005,2006,40.0,AllPub,7,5,Gd,TA,3,2006,0
512,513,9100,1958,1958,70.0,AllPub,5,5,TA,TA,7,2006,0
513,514,9187,1983,1983,71.0,AllPub,6,5,TA,Gd,6,2007,0
514,515,10594,1926,1950,55.0,AllPub,5,5,TA,TA,6,2007,0
515,516,12220,2009,2009,94.0,AllPub,10,5,Ex,TA,9,2009,0
516,517,10448,1972,1972,,AllPub,6,6,TA,TA,8,2009,0
517,518,10208,1996,1997,79.0,AllPub,7,5,Gd,TA,7,2009,0
518,519,9531,1998,1998,,AllPub,6,5,TA,TA,5,2007,0
519,520,10918,1926,2004,53.0,AllPub,7,9,Gd,TA,6,2009,0
520,521,10800,1900,2000,60.0,AllPub,4,7,TA,TA,8,2008,0
521,522,11988,1957,1957,90.0,AllPub,6,6,TA,TA,5,2007,0
522,523,5000,1947,1950,50.0,AllPub,6,7,TA,Gd,10,2006,0
523,524,40094,2007,2008,130.0,AllPub,10,5,Ex,TA,10,2007,0
524,525,11787,1996,1997,95.0,AllPub,7,5,Gd,TA,8,2007,0
525,526,7500,2005,2005,62.0,AllPub,7,5,Gd,TA,4,2006,0
526,527,13300,1956,2000,70.0,AllPub,5,7,TA,TA,6,2007,0
527,528,14948,2008,2008,67.0,AllPub,9,5,Ex,TA,11,2008,0
528,529,9098,1920,2002,58.0,AllPub,4,7,TA,TA,7,2007,0
529,530,32668,1957,1975,,AllPub,6,3,Gd,TA,3,2007,0
530,531,10200,1988,1989,85.0,AllPub,6,5,Gd,TA,8,2008,0
531,532,6155,1920,1999,60.0,AllPub,6,8,TA,TA,6,2008,0
532,533,7200,1955,2007,60.0,AllPub,5,7,TA,TA,4,2010,0
533,534,5000,1946,1950,50.0,AllPub,1,3,Fa,Fa,1,2007,0
534,535,9056,2004,2004,74.0,AllPub,8,5,Gd,TA,10,2006,0
535,536,7000,1910,1991,70.0,AllPub,5,7,TA,TA,1,2008,0
536,537,8924,1998,1999,57.0,AllPub,7,5,TA,TA,7,2008,0
537,538,12735,1972,1972,,AllPub,4,5,TA,TA,4,2008,0
538,539,11553,1968,1968,,AllPub,5,5,TA,TA,7,2006,0
539,540,11423,2001,2002,,AllPub,8,5,Gd,TA,5,2010,2000
540,541,14601,2006,2006,85.0,AllPub,9,5,Ex,TA,3,2009,0
541,542,11000,2000,2000,,AllPub,8,5,Gd,TA,6,2007,0
542,543,10140,1998,1999,78.0,AllPub,7,5,Gd,TA,6,2009,0
543,544,4058,1998,1998,34.0,AllPub,7,5,TA,TA,6,2007,0
544,545,17104,2006,2006,58.0,AllPub,7,5,Gd,TA,9,2006,0
545,546,13837,1988,1988,,AllPub,7,5,Gd,Gd,2,2006,0
546,547,8737,1923,1950,70.0,AllPub,6,7,TA,TA,5,2007,0
547,548,7244,1970,1970,54.0,AllPub,5,7,TA,Gd,4,2007,0
548,549,8235,1955,1995,49.0,AllPub,5,7,TA,Gd,6,2008,0
549,550,9375,2003,2004,75.0,AllPub,7,5,Gd,TA,11,2009,0
550,551,4043,1977,1977,53.0,AllPub,6,6,TA,TA,10,2008,0
551,552,6000,1957,1957,50.0,AllPub,5,6,TA,TA,6,2008,0
552,553,11146,2006,2006,87.0,AllPub,8,5,Gd,TA,7,2009,0
553,554,8777,1949,2003,67.0,AllPub,4,5,TA,TA,5,2009,0
554,555,10625,2003,2004,85.0,AllPub,7,5,Gd,TA,8,2008,0
555,556,6380,1922,1950,58.0,AllPub,5,6,TA,TA,8,2006,0
556,557,14850,1957,1957,69.0,AllPub,5,5,TA,TA,5,2006,0
557,558,11040,1920,1950,60.0,AllPub,4,6,TA,TA,9,2006,0
558,559,21872,1996,1997,57.0,AllPub,7,5,TA,TA,8,2008,0
559,560,3196,2003,2004,,AllPub,7,5,Gd,TA,10,2006,0
560,561,11341,1957,1996,,AllPub,5,6,TA,TA,5,2010,0
561,562,10010,1974,1975,77.0,AllPub,5,5,TA,TA,4,2006,0
562,563,13907,1940,1969,63.0,AllPub,5,6,TA,TA,7,2008,0
563,564,21780,1918,1950,66.0,AllPub,6,7,TA,TA,7,2008,0
564,565,13346,1992,2000,,AllPub,7,5,Gd,TA,7,2006,0
565,566,6858,1915,1950,66.0,AllPub,6,4,TA,TA,5,2010,0
566,567,11198,2005,2007,77.0,AllPub,9,5,Gd,TA,6,2008,0
567,568,10171,2004,2004,70.0,AllPub,7,5,Gd,TA,3,2010,0
568,569,12327,1983,2009,79.0,AllPub,8,8,Gd,TA,9,2009,0
569,570,7032,1979,1979,,AllPub,5,5,TA,TA,12,2006,0
570,571,13101,1965,1965,74.0,AllPub,5,5,TA,TA,11,2008,0
571,572,7332,1959,1959,60.0,AllPub,6,6,TA,TA,10,2006,0
572,573,13159,2009,2009,83.0,AllPub,7,5,TA,TA,7,2009,0
573,574,9967,2000,2000,76.0,AllPub,7,5,TA,TA,12,2007,0
574,575,10500,1971,2005,70.0,AllPub,5,7,TA,TA,12,2007,0
575,576,8480,1947,1950,80.0,AllPub,5,5,TA,TA,10,2008,0
576,577,6292,1928,1950,52.0,AllPub,7,7,TA,TA,8,2009,0
577,578,11777,1966,1966,96.0,AllPub,5,6,TA,TA,5,2006,0
578,579,3604,2007,2007,34.0,AllPub,7,5,Gd,TA,2,2008,0
579,580,12150,1954,1954,81.0,AllPub,5,5,TA,TA,11,2008,0
580,581,14585,1960,1987,,AllPub,6,6,TA,TA,6,2007,0
581,582,12704,2008,2009,98.0,AllPub,8,5,Ex,TA,8,2009,0
582,583,11841,1990,1990,81.0,AllPub,6,5,TA,Gd,5,2007,0
583,584,13500,1893,2000,75.0,AllPub,10,9,Ex,Ex,7,2008,0
584,585,6120,1935,1995,51.0,AllPub,4,7,TA,TA,7,2009,0
585,586,11443,2005,2006,88.0,AllPub,8,5,Gd,TA,3,2006,0
586,587,10267,1918,2000,55.0,AllPub,6,7,TA,Gd,5,2008,0
587,588,8740,1982,1982,74.0,AllPub,5,6,TA,TA,7,2009,0
588,589,25095,1968,2003,65.0,AllPub,5,8,TA,TA,6,2009,0
589,590,9100,1930,1960,50.0,AllPub,5,6,TA,TA,8,2008,600
590,591,8320,2004,2004,64.0,AllPub,7,5,Gd,TA,9,2008,0
591,592,13478,2008,2008,97.0,AllPub,10,5,Ex,TA,6,2009,0
592,593,6600,1982,2003,60.0,AllPub,5,8,TA,Gd,6,2008,0
593,594,4435,2003,2003,,AllPub,6,5,Gd,TA,5,2009,0
594,595,7990,1975,1975,88.0,AllPub,5,6,TA,TA,4,2008,0
595,596,11302,2005,2006,69.0,AllPub,8,5,Gd,TA,8,2006,0
596,597,3600,1910,1993,60.0,AllPub,6,7,TA,TA,10,2006,0
597,598,3922,2006,2007,53.0,AllPub,7,5,Gd,TA,2,2007,0
598,599,12984,1977,1977,80.0,AllPub,5,6,TA,TA,3,2006,0
599,600,1950,1980,1980,24.0,AllPub,6,6,TA,Gd,7,2008,0
600,601,10927,2005,2005,74.0,AllPub,8,5,Gd,TA,6,2006,0
601,602,9000,1937,1950,50.0,AllPub,6,6,TA,Gd,12,2007,0
602,603,10041,1992,1992,80.0,AllPub,8,5,Gd,TA,2,2006,0
603,604,3182,2004,2005,30.0,AllPub,7,5,Gd,TA,6,2010,0
604,605,12803,2002,2002,88.0,AllPub,7,5,Gd,TA,9,2008,0
605,606,13600,1965,1990,85.0,AllPub,7,6,TA,TA,10,2009,0
606,607,12464,1996,1996,82.0,AllPub,5,5,TA,Gd,11,2009,0
607,608,7800,1948,2002,78.0,AllPub,5,8,TA,Gd,8,2006,0
608,609,12168,1934,1998,78.0,AllPub,8,6,TA,TA,9,2007,0
609,610,7943,1961,1961,61.0,AllPub,4,5,TA,Fa,4,2007,0
610,611,11050,2000,2000,,AllPub,9,5,Gd,TA,5,2009,0
611,612,10395,1978,1978,,AllPub,6,6,TA,TA,7,2007,500
612,613,11885,2001,2001,,AllPub,8,5,Gd,TA,11,2009,0
613,614,8402,2007,2007,70.0,AllPub,5,5,TA,TA,12,2007,0
614,615,1491,1972,1972,21.0,AllPub,4,6,TA,TA,5,2010,0
615,616,8800,1963,1963,80.0,AllPub,6,7,TA,Gd,5,2010,0
616,617,7861,2002,2003,,AllPub,6,5,Gd,TA,6,2006,0
617,618,7227,1954,1954,59.0,AllPub,6,6,TA,TA,6,2008,0
618,619,11694,2007,2007,90.0,AllPub,9,5,Ex,TA,7,2007,0
619,620,12244,2003,2003,85.0,AllPub,8,5,Gd,TA,8,2008,0
620,621,8248,1914,1950,45.0,AllPub,3,3,TA,TA,9,2008,0
621,622,10800,1974,1997,90.0,AllPub,6,7,TA,TA,6,2008,0
622,623,7064,1977,1977,71.0,AllPub,5,6,TA,TA,7,2009,0
623,624,2117,2000,2000,,AllPub,6,5,Gd,TA,6,2007,0
624,625,10400,1972,1972,80.0,AllPub,6,5,TA,TA,11,2006,0
625,626,10000,1962,1962,87.0,AllPub,6,6,TA,TA,2,2010,0
626,627,12342,1960,1978,,AllPub,5,5,TA,TA,8,2007,600
627,628,9600,1955,1972,80.0,AllPub,6,6,TA,TA,3,2010,0
628,629,11606,1969,1969,70.0,AllPub,5,5,TA,TA,9,2007,0
629,630,9020,1964,1964,82.0,AllPub,6,5,TA,TA,6,2008,0
630,631,9000,1880,1991,50.0,AllPub,5,6,TA,TA,6,2006,0
631,632,4590,2006,2006,34.0,AllPub,8,5,Gd,TA,8,2007,0
632,633,11900,1977,1977,85.0,AllPub,7,5,TA,Gd,4,2009,0
633,634,9250,1954,2005,80.0,AllPub,5,7,TA,TA,7,2007,0
634,635,6979,1980,1980,64.0,AllPub,6,5,TA,TA,6,2010,600
635,636,10896,1914,1995,60.0,AllPub,6,7,Fa,TA,3,2007,0
636,637,6120,1936,1950,51.0,AllPub,2,3,Fa,Fa,1,2009,0
637,638,6000,1954,1954,50.0,AllPub,5,4,TA,TA,11,2009,0
638,639,8777,1910,1950,67.0,AllPub,5,7,TA,TA,5,2008,0
639,640,3982,2006,2006,53.0,AllPub,8,5,Gd,TA,10,2006,0
640,641,12677,2003,2004,62.0,AllPub,8,5,Ex,TA,4,2008,0
641,642,7050,2001,2001,,AllPub,7,5,Gd,TA,5,2007,0
642,643,13860,1972,1995,75.0,AllPub,8,7,Gd,TA,7,2009,0
643,644,10793,1969,1969,80.0,AllPub,5,5,TA,TA,4,2007,0
644,645,9187,2009,2009,85.0,AllPub,9,5,Ex,TA,10,2009,0
645,646,10530,1971,1971,,AllPub,6,5,TA,TA,3,2007,0
646,647,7200,1950,1950,60.0,AllPub,5,5,TA,TA,7,2008,0
647,648,10452,1953,1953,85.0,AllPub,6,5,TA,TA,6,2008,0
648,649,7700,1966,1966,70.0,AllPub,6,5,TA,TA,6,2010,0
649,650,1936,1970,1970,21.0,AllPub,4,6,TA,TA,12,2007,0
650,651,8125,2007,2007,65.0,AllPub,7,6,Gd,TA,5,2008,0
651,652,9084,1940,1950,60.0,AllPub,4,5,TA,TA,10,2009,0
652,653,8750,1996,1996,70.0,AllPub,7,5,Gd,TA,7,2009,0
653,654,10320,1906,1995,60.0,AllPub,6,7,TA,TA,6,2008,0
654,655,10437,1995,1995,91.0,AllPub,8,6,Gd,Gd,8,2008,0
655,656,1680,1971,1971,21.0,AllPub,6,5,TA,TA,3,2010,0
656,657,10007,1959,2006,72.0,AllPub,5,7,Gd,TA,8,2008,0
657,658,7200,1931,2000,60.0,AllPub,7,6,TA,Fa,2,2008,0
658,659,17503,1948,1950,78.0,AllPub,6,5,TA,TA,1,2010,0
659,660,9937,1964,1999,75.0,AllPub,5,7,TA,Gd,3,2009,0
660,661,12384,1976,1976,,AllPub,7,7,TA,TA,11,2007,0
661,662,46589,1994,2005,52.0,AllPub,8,7,Gd,TA,7,2009,0
662,663,13560,1968,1968,120.0,AllPub,6,3,TA,TA,7,2009,0
663,664,10012,1972,1972,90.0,AllPub,4,5,TA,TA,4,2008,0
664,665,20896,2005,2006,49.0,AllPub,8,5,Gd,TA,1,2006,0
665,666,11194,2000,2000,106.0,AllPub,8,5,Gd,TA,11,2006,0
666,667,18450,1965,1979,,AllPub,6,5,TA,Gd,8,2007,0
667,668,8125,1994,1998,65.0,AllPub,6,5,TA,TA,10,2008,0
668,669,14175,1956,1987,,AllPub,5,6,TA,TA,11,2006,0
669,670,11600,1922,1950,80.0,AllPub,4,5,TA,TA,7,2006,0
670,671,8633,2005,2005,64.0,AllPub,6,5,Gd,TA,2,2009,0
671,672,6629,1925,1950,54.0,AllPub,6,6,TA,Gd,7,2009,0
672,673,11250,1977,1977,,AllPub,6,6,Gd,TA,6,2006,0
673,674,14442,1957,2004,110.0,AllPub,6,7,TA,TA,6,2007,0
674,675,9200,1965,1965,80.0,AllPub,6,6,TA,TA,7,2008,0
675,676,2289,1978,1978,24.0,AllPub,6,6,TA,TA,4,2009,0
676,677,9600,1900,1950,60.0,AllPub,4,2,TA,TA,5,2006,0
677,678,9022,1924,2006,52.0,AllPub,5,8,Gd,TA,5,2009,0
678,679,11844,2008,2008,80.0,AllPub,8,5,Gd,TA,7,2009,0
679,680,9945,1961,1961,,AllPub,5,5,TA,TA,10,2007,0
680,681,8012,1980,1980,50.0,AllPub,6,5,TA,TA,5,2010,0
681,682,4500,1932,2000,55.0,AllPub,5,5,TA,TA,7,2009,0
682,683,2887,1996,1997,,AllPub,6,5,TA,TA,11,2008,0
683,684,11248,2002,2002,90.0,AllPub,9,5,Gd,TA,7,2007,0
684,685,16770,1998,1998,58.0,AllPub,7,5,Gd,TA,6,2010,0
685,686,5062,1984,1984,,AllPub,7,5,Gd,TA,9,2007,0
686,687,10207,2007,2007,84.0,AllPub,7,6,Gd,TA,8,2007,0
687,688,5105,2004,2004,,AllPub,7,5,Gd,TA,3,2007,0
688,689,8089,2007,2007,60.0,AllPub,8,6,Gd,TA,10,2007,0
689,690,7577,2005,2006,61.0,AllPub,6,5,Gd,TA,6,2007,0
690,691,4426,2004,2004,,AllPub,6,5,Gd,TA,5,2008,0
691,692,21535,1994,1995,104.0,AllPub,10,6,Ex,TA,1,2007,0
692,693,26178,1989,1990,42.0,AllPub,7,5,Gd,TA,4,2006,0
693,694,5400,1921,1968,60.0,AllPub,5,6,TA,TA,12,2006,0
694,695,6120,1936,1950,51.0,AllPub,5,6,TA,Fa,4,2009,0
695,696,13811,1987,1987,54.0,AllPub,6,6,TA,TA,7,2006,0
696,697,6000,1921,1950,50.0,AllPub,5,7,TA,TA,6,2006,0
697,698,6420,1952,1952,57.0,AllPub,5,7,TA,TA,9,2006,0
698,699,8450,1965,2009,65.0,AllPub,5,8,TA,Gd,4,2010,0
699,700,4282,2004,2004,59.0,AllPub,7,5,Gd,TA,7,2008,0
700,701,14331,2002,2002,85.0,AllPub,8,5,Gd,TA,5,2006,0
701,702,9600,1969,1969,80.0,AllPub,7,5,TA,TA,7,2006,0
702,703,12438,2006,2006,82.0,AllPub,8,5,Ex,TA,7,2006,0
703,704,7630,1900,1996,76.0,AllPub,5,9,TA,Gd,5,2010,0
704,705,8400,2004,2005,70.0,AllPub,7,5,Gd,TA,5,2010,0
705,706,5600,1930,1950,70.0,AllPub,4,5,Fa,Fa,7,2010,3500
706,707,115149,1971,2002,,AllPub,7,5,TA,TA,6,2007,0
707,708,6240,2006,2006,48.0,AllPub,8,5,Gd,TA,12,2009,0
708,709,9018,2007,2007,65.0,AllPub,7,5,Gd,TA,7,2007,0
709,710,7162,1966,1966,,AllPub,5,7,TA,TA,12,2008,0
710,711,4130,1935,2003,56.0,AllPub,3,6,Gd,TA,7,2008,0
711,712,8712,1900,1950,66.0,AllPub,4,7,TA,TA,1,2010,0
712,713,4671,1988,1989,40.0,AllPub,8,5,Gd,TA,10,2008,0
713,714,9873,1970,1970,60.0,AllPub,4,5,TA,TA,5,2006,0
714,715,13517,1976,2005,,AllPub,6,8,Gd,TA,3,2010,0
715,716,10140,1974,1974,78.0,AllPub,6,5,TA,TA,8,2009,0
716,717,10800,1890,1998,60.0,AllPub,7,8,TA,Gd,7,2007,0
717,718,10000,1973,2000,80.0,AllPub,5,6,TA,TA,11,2008,0
718,719,10542,1993,1994,96.0,AllPub,7,5,Gd,TA,8,2008,0
719,720,9920,1969,1969,69.0,AllPub,5,6,TA,TA,5,2006,0
720,721,6563,1985,1985,,AllPub,8,5,Gd,TA,12,2006,0
721,722,4426,2004,2004,,AllPub,6,5,Gd,TA,5,2010,0
722,723,8120,1970,1970,70.0,AllPub,4,7,TA,Gd,7,2009,0
723,724,8172,1954,1972,60.0,AllPub,4,6,TA,TA,5,2008,0
724,725,13286,2007,2008,86.0,AllPub,9,5,Ex,TA,2,2009,0
725,726,6960,1970,1970,60.0,AllPub,4,6,TA,TA,11,2009,500
726,727,21695,1988,2007,,AllPub,6,9,Gd,Gd,12,2009,0
727,728,7314,2007,2007,64.0,AllPub,7,5,Gd,TA,2,2009,0
728,729,11475,1958,1958,85.0,AllPub,5,5,TA,TA,7,2009,0
729,730,6240,1925,1950,52.0,AllPub,4,5,TA,TA,1,2009,0
730,731,5389,1995,1996,39.0,AllPub,8,5,Gd,TA,3,2010,0
731,732,9590,2003,2003,73.0,AllPub,7,5,Gd,TA,5,2007,0
732,733,11404,1998,1999,75.0,AllPub,7,5,Gd,TA,7,2008,0
733,734,10000,1961,1983,80.0,AllPub,5,6,TA,TA,3,2009,400
734,735,8978,1968,1968,,AllPub,5,5,TA,TA,5,2007,0
735,736,10800,1914,1970,60.0,AllPub,7,7,TA,TA,10,2006,0
736,737,8544,1950,1950,60.0,AllPub,3,4,TA,TA,7,2006,0
737,738,10463,2005,2005,72.0,AllPub,8,5,Gd,TA,6,2006,0
738,739,10800,1987,1988,60.0,AllPub,5,5,TA,TA,3,2009,0
739,740,9313,2004,2004,65.0,AllPub,7,5,Gd,TA,4,2009,0
740,741,9600,1910,2002,60.0,AllPub,5,7,TA,Gd,5,2007,0
741,742,6768,1961,1996,65.0,AllPub,6,8,TA,Gd,5,2008,0
742,743,8450,2000,2001,65.0,AllPub,7,5,TA,TA,12,2007,0
743,744,12886,1963,1999,70.0,AllPub,5,6,TA,TA,10,2009,0
744,745,5395,1993,1993,41.0,AllPub,8,5,Gd,TA,10,2008,0
745,746,8963,1976,1996,,AllPub,8,9,Ex,Gd,7,2008,0
746,747,8795,2000,2000,,AllPub,7,5,Gd,TA,4,2009,0
747,748,11700,1880,2003,65.0,AllPub,7,7,Gd,TA,5,2009,0
748,749,10593,1996,1996,59.0,AllPub,7,5,Gd,TA,3,2010,0
749,750,8405,1945,1950,50.0,AllPub,4,3,TA,TA,4,2009,0
750,751,8800,1910,2004,55.0,AllPub,4,7,TA,TA,6,2010,0
751,752,7750,2003,2003,,AllPub,7,5,Gd,TA,8,2007,0
752,753,9236,1997,1997,79.0,AllPub,6,5,TA,Gd,7,2006,0
753,754,10240,2005,2005,80.0,AllPub,8,5,Gd,TA,3,2006,0
754,755,7930,1969,2005,61.0,AllPub,6,8,TA,TA,7,2009,0
755,756,3230,1999,1999,34.0,AllPub,6,5,TA,TA,3,2009,0
756,757,10769,2007,2007,68.0,AllPub,8,5,Gd,TA,4,2009,0
757,758,11616,1978,1978,,AllPub,6,5,TA,TA,4,2010,0
758,759,2280,1999,1999,24.0,AllPub,7,5,TA,TA,8,2008,0
759,760,12257,1995,1995,65.0,AllPub,8,5,Gd,TA,11,2007,0
760,761,9100,1959,1959,70.0,AllPub,6,6,TA,TA,10,2009,450
761,762,6911,1924,1950,60.0,AllPub,5,5,TA,TA,10,2009,0
762,763,8640,2009,2009,72.0,AllPub,7,5,TA,TA,6,2010,0
763,764,9430,1999,1999,82.0,AllPub,8,5,Gd,TA,7,2009,0
764,765,9549,1995,1996,30.0,AllPub,8,5,Gd,Gd,4,2006,0
765,766,14587,2008,2008,75.0,AllPub,9,5,Gd,TA,8,2008,0
766,767,10421,1988,1988,80.0,AllPub,7,5,TA,TA,3,2010,500
767,768,12508,1940,1985,75.0,AllPub,6,7,TA,TA,7,2008,1300
768,769,9100,2004,2005,70.0,AllPub,7,5,Gd,TA,10,2006,0
769,770,53504,2003,2003,47.0,AllPub,8,5,Ex,TA,6,2010,0
770,771,7252,1982,1982,,AllPub,5,5,TA,TA,4,2009,0
771,772,8877,1951,1951,67.0,AllPub,4,5,TA,TA,4,2006,0
772,773,7819,1976,1976,94.0,AllPub,6,5,TA,TA,3,2010,0
773,774,10150,1958,1958,70.0,AllPub,5,5,TA,TA,7,2007,0
774,775,14226,2006,2006,110.0,AllPub,8,5,Gd,TA,7,2007,0
775,776,4500,1998,1998,32.0,AllPub,6,5,TA,TA,6,2009,0
776,777,11210,2005,2006,86.0,AllPub,7,5,Gd,TA,7,2006,0
777,778,13350,1974,1974,100.0,AllPub,5,5,TA,TA,6,2006,0
778,779,8400,1977,1977,60.0,AllPub,5,5,TA,TA,10,2007,0
779,780,10530,1977,1977,78.0,AllPub,6,5,TA,TA,5,2006,0
780,781,7875,1995,1996,63.0,AllPub,7,5,TA,TA,6,2007,0
781,782,7153,1992,1992,65.0,AllPub,6,5,Gd,Gd,7,2006,0
782,783,16285,2001,2002,67.0,AllPub,7,5,Gd,TA,6,2009,0
783,784,9101,1978,1978,,AllPub,5,6,TA,Gd,7,2009,0
784,785,6300,1914,2001,35.0,AllPub,6,6,TA,TA,6,2008,0
785,786,9790,1967,1967,,AllPub,6,5,TA,TA,9,2009,0
786,787,10800,1915,1950,60.0,AllPub,5,6,TA,Gd,6,2010,1200
787,788,10142,2004,2004,76.0,AllPub,7,5,Gd,TA,1,2010,0
788,789,6000,1954,2000,50.0,AllPub,4,7,TA,TA,8,2008,0
789,790,12205,1966,2007,,AllPub,6,8,TA,TA,7,2007,0
790,791,3182,2005,2006,43.0,AllPub,7,5,Gd,TA,9,2009,0
791,792,11333,1976,1976,,AllPub,6,5,TA,TA,5,2007,0
792,793,9920,1996,1997,92.0,AllPub,7,5,Gd,TA,6,2007,0
793,794,9158,2007,2007,76.0,AllPub,8,5,Gd,TA,6,2007,0
794,795,10832,1994,1996,,AllPub,7,5,Gd,TA,10,2008,500
795,796,8400,1980,1981,70.0,AllPub,6,6,TA,TA,4,2010,0
796,797,8197,1977,1977,71.0,AllPub,6,5,TA,TA,4,2007,0
797,798,7677,1953,1953,57.0,AllPub,5,5,TA,TA,4,2008,0
798,799,13518,2008,2009,104.0,AllPub,9,5,Ex,TA,7,2009,0
799,800,7200,1937,1950,60.0,AllPub,5,7,TA,TA,6,2007,0
800,801,12798,1997,1997,79.0,AllPub,6,5,TA,TA,5,2008,400
801,802,4800,1916,1990,40.0,AllPub,4,7,TA,TA,7,2007,0
802,803,8199,2005,2005,63.0,AllPub,7,5,Gd,TA,10,2008,0
803,804,13891,2008,2009,107.0,AllPub,9,5,Ex,TA,1,2009,0
804,805,9000,1954,1954,75.0,AllPub,5,5,TA,TA,6,2006,0
805,806,12274,2008,2008,91.0,AllPub,7,5,Gd,TA,7,2008,0
806,807,9750,1967,1967,75.0,AllPub,5,5,TA,TA,10,2006,0
807,808,21384,1923,2004,144.0,AllPub,5,6,TA,TA,5,2009,0
808,809,13400,1966,1966,85.0,AllPub,5,5,TA,TA,6,2006,0
809,810,8100,1898,1965,90.0,AllPub,5,5,TA,TA,11,2009,0
810,811,10140,1974,1999,78.0,AllPub,6,6,TA,TA,1,2006,0
811,812,4438,2004,2004,,AllPub,6,5,Gd,TA,6,2008,0
812,813,8712,1952,1952,66.0,AllPub,5,5,Fa,TA,6,2010,54
813,814,9750,1958,1958,75.0,AllPub,6,6,TA,TA,4,2007,500
814,815,8248,1918,1950,45.0,AllPub,5,7,TA,TA,7,2006,0
815,816,12137,1998,1998,48.0,AllPub,7,5,TA,TA,5,2010,0
816,817,11425,1954,1954,,AllPub,5,6,TA,TA,7,2006,0
817,818,13265,2002,2002,,AllPub,8,5,Gd,TA,7,2008,0
818,819,8816,1971,1971,80.0,AllPub,6,7,TA,TA,6,2010,0
819,820,6371,2009,2010,44.0,AllPub,7,5,Gd,TA,6,2010,0
820,821,7226,2003,2003,72.0,AllPub,7,5,Gd,TA,6,2008,0
821,822,6000,1953,1953,60.0,AllPub,4,4,Fa,TA,2,2009,0
822,823,12394,2003,2003,,AllPub,7,5,Gd,TA,10,2007,0
823,824,9900,1940,1950,60.0,AllPub,6,7,TA,TA,7,2009,0
824,825,11216,2006,2006,81.0,AllPub,8,5,Gd,TA,6,2006,0
825,826,14803,2007,2008,114.0,AllPub,10,5,Ex,TA,6,2008,0
826,827,6130,1924,1950,50.0,AllPub,5,6,TA,TA,5,2008,0
827,828,8529,2001,2001,65.0,AllPub,7,5,Gd,TA,4,2009,0
828,829,28698,1967,1967,,AllPub,5,5,TA,TA,6,2009,0
829,830,2544,2005,2005,24.0,AllPub,7,5,Gd,TA,7,2006,0
830,831,11900,1957,1957,80.0,AllPub,6,5,TA,TA,6,2008,0
831,832,3180,2005,2005,30.0,AllPub,7,5,TA,TA,6,2006,0
832,833,9548,2003,2003,44.0,AllPub,7,6,Gd,TA,1,2010,0
833,834,10004,1964,1964,100.0,AllPub,6,6,TA,TA,2,2009,0
834,835,7875,1961,1961,75.0,AllPub,5,6,TA,TA,9,2008,0
835,836,9600,1950,1995,60.0,AllPub,4,7,TA,TA,2,2010,0
836,837,8100,1948,1973,90.0,AllPub,5,6,TA,TA,6,2007,0
837,838,1680,1973,1973,21.0,AllPub,6,5,TA,TA,11,2008,0
838,839,9525,1995,2006,75.0,AllPub,5,6,TA,TA,6,2008,0
839,840,11767,1946,1995,70.0,AllPub,5,6,TA,TA,5,2008,0
840,841,12155,1925,1950,,AllPub,6,8,TA,TA,3,2008,0
841,842,10440,1904,2002,60.0,AllPub,5,8,TA,TA,6,2008,0
842,843,9020,1966,1966,82.0,AllPub,6,7,TA,TA,5,2008,0
843,844,8000,1961,1961,80.0,AllPub,5,4,TA,TA,7,2007,0
844,845,12665,1915,1950,100.0,AllPub,5,8,TA,TA,6,2008,0
845,846,16647,1975,1981,,AllPub,5,5,TA,TA,1,2007,0
846,847,9317,1993,1993,75.0,AllPub,7,5,Gd,TA,7,2009,0
847,848,15523,1972,1972,36.0,AllPub,5,6,TA,TA,8,2009,0
848,849,45600,1908,1997,75.0,AllPub,6,8,TA,TA,9,2008,0
849,850,9600,1976,1994,80.0,AllPub,6,7,Gd,Gd,8,2007,0
850,851,4435,2003,2003,36.0,AllPub,6,5,Gd,TA,11,2007,0
851,852,3196,2003,2003,,AllPub,8,5,Gd,TA,5,2006,0
852,853,7128,1941,1950,53.0,AllPub,7,5,TA,Gd,8,2007,0
853,854,12095,1964,1964,,AllPub,6,6,TA,Gd,8,2009,0
854,855,17920,1955,1974,102.0,AllPub,5,4,TA,TA,7,2006,0
855,856,6897,1962,2010,,AllPub,5,8,TA,Gd,4,2010,0
856,857,10970,1978,1978,,AllPub,6,6,TA,TA,10,2008,0
857,858,8125,1994,1995,65.0,AllPub,6,5,TA,TA,3,2009,0
858,859,10400,1976,1976,80.0,AllPub,7,5,TA,TA,6,2009,0
859,860,11029,1968,1984,,AllPub,6,7,TA,TA,8,2006,0
860,861,7642,1918,1998,55.0,AllPub,7,8,Gd,TA,6,2007,0
861,862,11625,1965,1965,75.0,AllPub,5,4,TA,TA,4,2010,0
862,863,9672,1984,1985,81.0,AllPub,6,5,TA,TA,5,2010,0
863,864,7931,1959,1959,70.0,AllPub,5,5,TA,TA,7,2009,0
864,865,8640,2007,2008,72.0,AllPub,7,5,Gd,TA,5,2008,0
865,866,8750,1970,1970,,AllPub,5,6,TA,TA,8,2009,0
866,867,10656,2006,2007,67.0,AllPub,8,5,Gd,TA,11,2007,0
867,868,6970,1961,1961,85.0,AllPub,4,5,TA,TA,5,2007,400
868,869,14762,1948,1950,,AllPub,5,6,TA,TA,5,2006,0
869,870,9938,1993,1994,80.0,AllPub,7,5,Gd,TA,6,2010,0
870,871,6600,1962,1962,60.0,AllPub,5,5,TA,TA,8,2009,0
871,872,8750,1998,1998,70.0,AllPub,6,5,TA,TA,6,2010,0
872,873,8892,1953,1996,74.0,AllPub,5,7,Gd,TA,10,2008,0
873,874,12144,1949,1950,60.0,AllPub,5,7,Gd,TA,9,2009,0
874,875,5720,1941,1950,52.0,AllPub,5,6,TA,TA,8,2009,0
875,876,9000,2007,2007,75.0,AllPub,8,5,Gd,TA,8,2007,0
876,877,25286,1963,1963,94.0,AllPub,4,5,TA,TA,1,2007,0
877,878,8834,2004,2005,74.0,AllPub,9,5,Gd,TA,6,2009,0
878,879,11782,1961,1995,88.0,AllPub,5,7,TA,TA,6,2010,400
879,880,7000,1978,2005,,AllPub,5,8,Gd,Gd,7,2009,0
880,881,7024,2005,2006,60.0,AllPub,5,5,TA,TA,6,2007,0
881,882,13758,1990,1991,44.0,AllPub,7,5,Gd,Gd,4,2007,0
882,883,9636,1992,1993,,AllPub,6,5,TA,TA,12,2009,0
883,884,6204,1912,1950,60.0,AllPub,4,5,Gd,TA,3,2006,0
884,885,7150,1967,1967,65.0,AllPub,5,5,TA,TA,7,2009,0
885,886,5119,1999,2000,50.0,AllPub,9,5,Gd,TA,1,2008,0
886,887,8393,1959,2005,70.0,AllPub,5,5,TA,TA,6,2006,0
887,888,16466,1955,1955,59.0,AllPub,5,7,TA,Gd,4,2008,0
888,889,15865,1970,1970,95.0,AllPub,8,6,Gd,Gd,10,2007,0
889,890,12160,1953,1953,128.0,AllPub,6,4,TA,TA,2,2009,0
890,891,8064,1949,2006,60.0,AllPub,5,7,TA,Gd,7,2007,2000
891,892,11184,1978,1978,70.0,AllPub,6,5,TA,TA,7,2009,0
892,893,8414,1963,2003,70.0,AllPub,6,8,TA,TA,2,2006,0
893,894,13284,1954,1954,,AllPub,5,5,TA,TA,6,2008,0
894,895,7018,1979,1979,64.0,AllPub,5,5,TA,TA,6,2009,0
895,896,7056,1963,1963,71.0,AllPub,6,5,TA,TA,10,2008,0
896,897,8765,1936,1950,50.0,AllPub,4,6,TA,TA,4,2006,0
897,898,7018,1979,1979,64.0,AllPub,5,5,TA,TA,6,2009,0
898,899,12919,2009,2010,100.0,AllPub,9,5,Ex,TA,3,2010,0
899,900,6993,1961,1994,65.0,AllPub,5,7,TA,TA,6,2006,0
900,901,7340,1971,1971,,AllPub,4,6,TA,TA,6,2007,0
901,902,8712,1957,2000,64.0,AllPub,5,7,TA,Gd,5,2009,0
902,903,7875,2003,2003,63.0,AllPub,7,5,Gd,TA,7,2006,0
903,904,14859,2006,2006,50.0,AllPub,7,5,Gd,TA,8,2006,0
904,905,6173,1967,1967,,AllPub,5,6,TA,TA,8,2007,0
905,906,9920,1954,1954,80.0,AllPub,5,5,TA,TA,2,2010,0
906,907,13501,2006,2006,116.0,AllPub,8,5,Gd,TA,6,2007,0
907,908,11500,1936,1987,86.0,AllPub,7,7,Gd,TA,6,2006,0
908,909,8885,1983,1983,,AllPub,5,5,TA,TA,6,2006,0
909,910,12589,2005,2005,149.0,AllPub,6,5,Gd,TA,6,2009,0
910,911,11600,1960,1960,80.0,AllPub,5,5,TA,TA,1,2010,0
911,912,9286,1977,1989,,AllPub,5,7,TA,TA,10,2009,0
912,913,6120,1925,1950,51.0,AllPub,5,7,TA,TA,7,2006,620
913,914,6270,1949,1950,82.0,AllPub,5,6,TA,TA,8,2007,0
914,915,3000,2009,2009,30.0,AllPub,6,5,Gd,TA,6,2009,0
915,916,2001,1970,1970,21.0,AllPub,4,5,TA,TA,1,2007,0
916,917,9000,1949,1950,50.0,AllPub,2,3,TA,TA,10,2006,0
917,918,17140,1956,1956,,AllPub,4,6,TA,TA,4,2009,0
918,919,13125,1991,1991,103.0,AllPub,7,5,Gd,TA,11,2007,0
919,920,11029,1958,2002,87.0,AllPub,6,8,Ex,TA,5,2008,0
920,921,8462,1994,1994,70.0,AllPub,6,5,Gd,Gd,7,2007,0
921,922,8777,1900,2003,67.0,AllPub,5,7,TA,TA,9,2008,0
922,923,10237,2005,2006,65.0,AllPub,6,5,Gd,TA,10,2006,0
923,924,8012,1993,1994,50.0,AllPub,6,5,Gd,TA,7,2008,0
924,925,10240,1980,1980,79.0,AllPub,6,6,TA,Gd,5,2006,0
925,926,15611,1977,1977,,AllPub,5,6,TA,TA,3,2008,0
926,927,11999,2003,2004,93.0,AllPub,8,5,Gd,TA,5,2007,0
927,928,9900,1968,1968,,AllPub,7,5,TA,TA,4,2008,0
928,929,11838,2001,2001,,AllPub,8,5,Gd,TA,6,2009,0
929,930,13006,1997,1997,,AllPub,7,5,TA,TA,11,2006,0
930,931,8925,2007,2007,73.0,AllPub,8,5,Gd,TA,7,2009,0
931,932,9100,1965,1965,70.0,AllPub,5,6,TA,TA,7,2009,0
932,933,11670,2006,2006,84.0,AllPub,9,5,Ex,TA,3,2007,0
933,934,8487,2004,2004,63.0,AllPub,7,5,Gd,TA,8,2009,0
934,935,27650,1960,2007,313.0,AllPub,7,7,TA,TA,11,2008,0
935,936,5825,1926,1953,52.0,AllPub,4,5,TA,Gd,6,2006,0
936,937,10083,2003,2003,67.0,AllPub,7,5,Gd,TA,8,2009,0
937,938,9675,2005,2005,75.0,AllPub,7,5,Gd,TA,2,2009,0
938,939,8760,2006,2006,73.0,AllPub,7,5,Gd,TA,8,2006,0
939,940,24090,1940,1950,,AllPub,7,7,TA,Gd,6,2010,0
940,941,12640,1976,1976,55.0,AllPub,6,5,TA,TA,7,2006,0
941,942,8755,1999,1999,,AllPub,7,5,Gd,TA,6,2009,0
942,943,7711,1977,1977,42.0,AllPub,4,3,TA,TA,8,2007,0
943,944,25000,1967,1967,100.0,AllPub,5,4,TA,TA,6,2007,0
944,945,14375,1958,1958,,NoSeWa,6,6,TA,TA,1,2009,0
945,946,8820,1890,1996,98.0,AllPub,5,6,TA,TA,9,2009,0
946,947,8163,1959,1959,70.0,AllPub,5,6,TA,Gd,3,2006,0
947,948,14536,2002,2003,85.0,AllPub,8,5,Gd,TA,11,2007,0
948,949,14006,2002,2002,65.0,AllPub,7,5,Gd,TA,2,2006,0
949,950,9360,1972,2006,78.0,AllPub,6,7,TA,TA,3,2010,0
950,951,7200,1950,2002,60.0,AllPub,5,8,TA,TA,7,2007,0
951,952,7800,1965,1965,60.0,AllPub,5,5,TA,TA,7,2006,0
952,953,7200,1972,2003,60.0,AllPub,5,8,TA,Gd,4,2009,0
953,954,11075,1969,1969,,AllPub,5,4,TA,TA,9,2008,400
954,955,9400,1975,1975,35.0,AllPub,6,5,TA,TA,10,2006,0
955,956,7136,1946,1950,82.0,AllPub,6,6,TA,TA,8,2007,0
956,957,1300,1980,1980,24.0,AllPub,6,6,TA,TA,5,2009,0
957,958,7420,1962,1962,70.0,AllPub,5,5,TA,TA,4,2007,0
958,959,8450,2003,2003,65.0,AllPub,7,5,Gd,TA,10,2007,0
959,960,2572,1999,1999,24.0,AllPub,7,5,Gd,TA,5,2010,0
960,961,7207,1958,2008,50.0,AllPub,5,7,TA,Gd,2,2010,0
961,962,12227,1977,1995,,AllPub,6,7,TA,Gd,7,2008,0
962,963,2308,1976,1976,24.0,AllPub,6,6,TA,TA,7,2007,0
963,964,11923,2007,2007,122.0,AllPub,9,5,Gd,TA,5,2009,0
964,965,11316,2002,2003,80.0,AllPub,7,5,Gd,TA,2,2010,0
965,966,10237,2005,2007,65.0,AllPub,6,5,Gd,TA,7,2007,0
966,967,9600,1940,1950,130.0,AllPub,5,7,Gd,Gd,6,2009,0
967,968,7390,1955,1955,,AllPub,5,7,TA,TA,7,2008,0
968,969,5925,1910,1950,50.0,AllPub,3,6,TA,TA,5,2009,0
969,970,10382,1958,1958,75.0,AllPub,6,5,TA,Fa,3,2006,0
970,971,10800,1949,1950,60.0,AllPub,4,4,TA,TA,12,2006,0
971,972,2268,2003,2004,36.0,AllPub,7,5,Gd,TA,7,2009,0
972,973,7892,1979,1979,55.0,AllPub,6,5,TA,TA,4,2010,0
973,974,11639,2007,2008,95.0,AllPub,7,5,Gd,TA,12,2008,0
974,975,11414,1910,1993,60.0,AllPub,7,8,TA,Gd,10,2009,0
975,976,2651,2000,2000,,AllPub,7,5,Gd,TA,4,2006,0
976,977,5900,1923,1958,51.0,AllPub,4,7,TA,TA,8,2006,0
977,978,4274,2006,2007,35.0,AllPub,7,5,Gd,TA,11,2007,0
978,979,9450,1954,1954,68.0,AllPub,4,5,TA,TA,5,2007,0
979,980,8816,1963,1963,80.0,AllPub,5,6,TA,TA,6,2009,0
980,981,12122,1961,2007,,AllPub,7,9,Ex,TA,7,2008,0
981,982,12203,1998,1999,98.0,AllPub,8,5,Gd,TA,7,2009,0
982,983,3182,2007,2007,43.0,AllPub,7,5,Gd,TA,3,2008,0
983,984,11250,2002,2002,,AllPub,8,5,Gd,TA,5,2008,0
984,985,10125,1977,1977,75.0,AllPub,5,5,TA,TA,8,2009,0
985,986,10880,1950,1950,68.0,AllPub,5,5,TA,TA,8,2008,0
986,987,5310,1910,2003,59.0,AllPub,6,8,TA,Gd,6,2006,0
987,988,10159,2009,2010,83.0,AllPub,9,5,Ex,TA,4,2010,0
988,989,12046,1976,1976,,AllPub,6,6,TA,TA,6,2007,0
989,990,8125,2006,2006,65.0,AllPub,7,5,Gd,TA,8,2006,0
990,991,9452,1997,1998,82.0,AllPub,8,5,Gd,TA,6,2006,0
991,992,17671,1882,1986,121.0,AllPub,8,9,Gd,Gd,11,2009,0
992,993,9760,1964,1993,80.0,AllPub,6,8,TA,TA,7,2007,0
993,994,8846,2005,2006,68.0,AllPub,6,5,TA,TA,8,2006,0
994,995,12456,2006,2007,96.0,AllPub,10,5,Ex,TA,7,2009,0
995,996,4712,1946,1950,51.0,AllPub,4,7,TA,TA,8,2006,0
996,997,10659,1961,1961,,AllPub,5,6,TA,TA,1,2006,0
997,998,11717,1970,1970,,AllPub,6,6,TA,TA,2,2009,0
998,999,9786,1922,1950,60.0,AllPub,3,4,TA,TA,5,2006,0
999,1000,6762,2006,2006,64.0,AllPub,7,5,Gd,TA,2,2010,0
1000,1001,10206,1952,1952,74.0,AllPub,3,3,TA,TA,7,2009,0
1001,1002,5400,1920,1950,60.0,AllPub,5,6,TA,TA,1,2007,0
1002,1003,11957,2006,2006,75.0,AllPub,8,5,Gd,TA,7,2008,0
1003,1004,11500,1976,1976,,AllPub,5,6,TA,TA,6,2007,0
1004,1005,3182,2005,2006,43.0,AllPub,7,5,Gd,TA,5,2009,0
1005,1006,8385,1977,1977,65.0,AllPub,5,8,Gd,TA,11,2008,0
1006,1007,12155,1970,1970,,AllPub,6,3,TA,TA,3,2007,0
1007,1008,2217,1970,1970,21.0,AllPub,4,4,TA,TA,8,2009,0
1008,1009,12118,2004,2005,43.0,AllPub,7,5,Gd,TA,4,2009,0
1009,1010,6000,1926,1950,60.0,AllPub,5,5,TA,Fa,6,2006,0
1010,1011,21286,1948,1950,115.0,AllPub,5,5,TA,TA,8,2008,0
1011,1012,9825,1965,1965,75.0,AllPub,5,5,TA,TA,5,2010,0
1012,1013,10592,1923,1996,55.0,AllPub,6,7,TA,Gd,8,2007,0
1013,1014,7200,1910,2006,60.0,AllPub,5,4,TA,TA,6,2009,0
1014,1015,11664,1948,1950,60.0,AllPub,6,5,TA,TA,11,2007,0
1015,1016,8400,2001,2001,70.0,AllPub,8,6,Gd,TA,11,2009,0
1016,1017,11883,1996,1996,73.0,AllPub,7,5,Gd,TA,6,2009,0
1017,1018,5814,1984,1984,,AllPub,8,5,Gd,TA,8,2009,0
1018,1019,10784,1991,1992,,AllPub,7,5,Gd,TA,5,2007,0
1019,1020,3013,2005,2005,43.0,AllPub,7,5,Gd,TA,4,2006,0
1020,1021,7024,2005,2005,60.0,AllPub,4,5,TA,TA,6,2008,0
1021,1022,7406,2006,2006,64.0,AllPub,7,5,Gd,TA,7,2006,0
1022,1023,9439,1930,1950,52.0,AllPub,5,5,TA,TA,3,2007,0
1023,1024,3182,2005,2006,43.0,AllPub,7,5,Gd,TA,5,2008,0
1024,1025,15498,1976,1976,,AllPub,8,6,Gd,TA,5,2008,0
1025,1026,7700,1972,1972,70.0,AllPub,5,5,TA,TA,3,2007,0
1026,1027,9300,1960,1960,73.0,AllPub,5,5,TA,TA,4,2010,0
1027,1028,9520,2007,2008,71.0,AllPub,8,5,Gd,TA,4,2008,0
1028,1029,9492,1941,1950,79.0,AllPub,5,5,TA,TA,4,2007,0
1029,1030,1680,1972,1972,21.0,AllPub,6,7,TA,TA,5,2006,0
1030,1031,7082,1916,1995,,AllPub,5,8,TA,TA,7,2006,0
1031,1032,15863,1920,1970,102.0,AllPub,7,3,TA,TA,8,2009,0
1032,1033,14541,1993,1993,,AllPub,8,7,Gd,Gd,11,2006,0
1033,1034,8125,2002,2002,,AllPub,7,5,Gd,TA,2,2006,0
1034,1035,6305,1938,1950,50.0,AllPub,5,7,TA,Gd,6,2007,0
1035,1036,11500,1957,1957,,AllPub,4,3,TA,Gd,1,2009,0
1036,1037,12898,2007,2008,89.0,AllPub,9,5,Gd,TA,9,2009,0
1037,1038,9240,2001,2002,,AllPub,8,5,Gd,TA,9,2008,0
1038,1039,1533,1970,2008,21.0,AllPub,4,6,TA,TA,5,2009,0
1039,1040,1477,1970,1970,21.0,AllPub,4,4,TA,TA,4,2009,0
1040,1041,13125,1957,2000,88.0,AllPub,5,4,TA,TA,1,2006,0
1041,1042,9130,1966,2000,,AllPub,6,8,TA,TA,7,2008,0
1042,1043,5381,2005,2005,34.0,AllPub,6,5,Gd,TA,8,2009,0
1043,1044,11839,1990,1990,86.0,AllPub,7,5,TA,TA,5,2008,0
1044,1045,9600,1981,1981,80.0,AllPub,8,5,Gd,TA,7,2009,0
1045,1046,13680,1955,1955,,AllPub,3,5,TA,TA,6,2009,0
1046,1047,16056,2005,2006,85.0,AllPub,9,5,Gd,TA,7,2006,0
1047,1048,9245,1994,1995,57.0,AllPub,5,5,TA,TA,2,2008,0
1048,1049,21750,1960,2006,100.0,AllPub,5,4,TA,Fa,11,2009,0
1049,1050,11100,1946,2006,60.0,AllPub,4,7,TA,TA,4,2010,0
1050,1051,8993,2007,2007,73.0,AllPub,7,5,Gd,TA,8,2007,0
1051,1052,11175,2007,2007,103.0,AllPub,7,5,Gd,TA,10,2007,0
1052,1053,9500,1964,1978,100.0,AllPub,6,6,TA,TA,6,2007,0
1053,1054,8562,1957,2002,68.0,AllPub,5,6,TA,TA,5,2010,0
1054,1055,11367,2002,2002,90.0,AllPub,8,5,Gd,TA,11,2006,0
1055,1056,11361,1976,1976,104.0,AllPub,6,5,TA,TA,5,2008,0
1056,1057,7052,2005,2005,43.0,AllPub,7,5,Gd,TA,6,2006,0
1057,1058,29959,1994,1994,,AllPub,7,6,Gd,TA,1,2009,0
1058,1059,11308,2008,2008,96.0,AllPub,9,5,Ex,TA,7,2009,0
1059,1060,11275,1932,1950,,AllPub,6,7,TA,TA,3,2007,0
1060,1061,4920,2001,2001,41.0,AllPub,8,5,Gd,TA,4,2010,0
1061,1062,18000,1935,1950,120.0,AllPub,3,4,Fa,TA,8,2008,560
1062,1063,13600,1900,1950,85.0,AllPub,5,5,TA,TA,9,2007,0
1063,1064,6000,1925,1980,50.0,AllPub,6,6,TA,Gd,7,2006,0
1064,1065,11000,1966,1966,,AllPub,5,6,TA,TA,11,2009,0
1065,1066,14000,1996,1997,80.0,AllPub,7,5,Gd,TA,4,2010,0
1066,1067,7837,1993,1994,59.0,AllPub,6,7,Gd,TA,5,2009,0
1067,1068,9760,1964,1964,80.0,AllPub,6,6,TA,TA,6,2008,0
1068,1069,3964,1973,1973,42.0,AllPub,6,4,TA,TA,6,2006,0
1069,1070,9600,1949,2003,60.0,AllPub,5,7,TA,TA,5,2007,0
1070,1071,10152,1956,1956,72.0,AllPub,5,5,TA,TA,6,2007,0
1071,1072,11700,1968,1968,78.0,AllPub,6,6,TA,TA,5,2009,0
1072,1073,7585,1948,1950,50.0,AllPub,5,3,TA,TA,8,2006,0
1073,1074,7950,1977,1977,75.0,AllPub,6,6,TA,TA,7,2009,0
1074,1075,8556,2006,2006,74.0,AllPub,7,5,Gd,TA,5,2007,0
1075,1076,13125,1940,1984,75.0,AllPub,7,6,TA,TA,7,2007,0
1076,1077,10800,1936,1989,60.0,AllPub,5,8,TA,TA,4,2006,500
1077,1078,15870,1969,1969,,AllPub,5,5,TA,TA,3,2006,0
1078,1079,4435,2004,2004,37.0,AllPub,6,5,Gd,TA,5,2006,0
1079,1080,8775,1994,1994,65.0,AllPub,5,5,TA,TA,4,2007,0
1080,1081,11040,1971,2004,80.0,AllPub,6,7,Gd,Gd,10,2008,0
1081,1082,7500,1963,1963,75.0,AllPub,5,5,TA,TA,6,2010,0
1082,1083,8749,2002,2002,70.0,AllPub,7,5,Gd,TA,9,2007,0
1083,1084,8800,1964,1964,80.0,AllPub,6,6,TA,TA,3,2006,700
1084,1085,13031,1995,1996,,AllPub,6,5,TA,TA,7,2006,0
1085,1086,9069,1992,1992,73.0,AllPub,6,6,TA,TA,4,2010,0
1086,1087,1974,1973,1973,,AllPub,4,5,TA,TA,5,2010,0
1087,1088,10574,2005,2006,85.0,AllPub,8,5,Gd,TA,5,2009,0
1088,1089,2522,2004,2004,24.0,AllPub,7,5,Gd,TA,4,2006,0
1089,1090,3316,2005,2005,37.0,AllPub,8,5,Gd,TA,4,2006,0
1090,1091,8544,1950,1950,60.0,AllPub,3,4,TA,TA,6,2009,0
1091,1092,2160,1999,2000,24.0,AllPub,7,5,Gd,TA,3,2008,0
1092,1093,8400,1925,1950,60.0,AllPub,6,5,TA,TA,6,2008,0
1093,1094,9230,1965,1998,71.0,AllPub,5,8,TA,TA,10,2006,0
1094,1095,5868,1956,2000,74.0,AllPub,5,7,TA,TA,5,2010,0
1095,1096,9317,2006,2006,78.0,AllPub,6,5,Gd,TA,3,2007,0
1096,1097,6882,1914,2006,60.0,AllPub,6,7,TA,TA,3,2007,0
1097,1098,3696,1986,1986,,AllPub,8,5,Gd,TA,10,2007,0
1098,1099,6000,1936,1950,50.0,AllPub,4,6,TA,TA,7,2009,0
1099,1100,11880,1978,1978,82.0,AllPub,7,5,TA,TA,4,2009,0
1100,1101,8400,1920,1950,60.0,AllPub,2,5,TA,TA,1,2009,0
1101,1102,9758,1971,1971,61.0,AllPub,5,5,TA,TA,7,2007,0
1102,1103,7000,1960,2002,70.0,AllPub,5,7,TA,TA,4,2007,0
1103,1104,8910,1959,1959,79.0,AllPub,6,6,TA,TA,7,2006,0
1104,1105,2016,1970,1970,24.0,AllPub,5,5,TA,TA,4,2007,0
1105,1106,12256,1994,1995,98.0,AllPub,8,5,Gd,TA,4,2010,0
1106,1107,10357,1990,1991,114.0,AllPub,7,5,Gd,TA,5,2007,0
1107,1108,23257,2006,2006,168.0,AllPub,7,5,Gd,TA,9,2006,0
1108,1109,8063,2000,2000,,AllPub,6,5,TA,TA,11,2007,0
1109,1110,11362,2004,2005,107.0,AllPub,8,5,Gd,TA,3,2009,0
1110,1111,8000,1995,1996,,AllPub,6,5,TA,TA,6,2008,0
1111,1112,10480,1976,1976,80.0,AllPub,7,6,TA,TA,9,2008,0
1112,1113,7100,1957,1957,73.0,AllPub,5,7,TA,TA,7,2006,0
1113,1114,8923,1953,2006,66.0,AllPub,5,7,TA,TA,5,2007,0
1114,1115,5400,1954,2000,90.0,AllPub,5,7,TA,Gd,8,2006,0
1115,1116,12085,2007,2007,93.0,AllPub,8,5,Gd,TA,11,2007,0
1116,1117,7750,2002,2002,,AllPub,8,5,Gd,TA,3,2009,0
1117,1118,9764,1967,2003,57.0,AllPub,5,7,TA,TA,5,2008,0
1118,1119,13825,1958,1987,85.0,AllPub,5,6,TA,Gd,12,2008,0
1119,1120,7560,1959,1959,70.0,AllPub,5,5,TA,TA,7,2006,0
1120,1121,8263,1920,1950,59.0,AllPub,6,5,TA,TA,5,2007,0
1121,1122,10084,2005,2006,84.0,AllPub,7,5,Gd,TA,7,2006,0
1122,1123,8926,1956,1956,,AllPub,4,3,TA,TA,10,2009,0
1123,1124,9405,1947,2008,50.0,AllPub,5,9,TA,Ex,6,2009,0
1124,1125,9125,1992,1992,,AllPub,7,5,TA,TA,7,2007,0
1125,1126,10434,1955,1955,60.0,AllPub,4,5,TA,TA,11,2009,0
1126,1127,3684,2007,2007,53.0,AllPub,7,5,Gd,TA,6,2009,0
1127,1128,14572,2004,2004,182.0,AllPub,7,5,Gd,TA,11,2007,0
1128,1129,11796,2004,2005,59.0,AllPub,7,5,Gd,TA,7,2007,0
1129,1130,7200,1980,1980,60.0,AllPub,5,5,TA,TA,8,2007,0
1130,1131,7804,1928,1950,65.0,AllPub,4,3,TA,TA,12,2009,0
1131,1132,10712,1991,1992,63.0,AllPub,5,5,TA,TA,9,2007,0
1132,1133,9900,1880,1950,90.0,AllPub,6,4,TA,TA,5,2007,0
1133,1134,9828,1995,1995,80.0,AllPub,8,5,Gd,TA,6,2009,0
1134,1135,8773,1997,1997,57.0,AllPub,6,5,TA,TA,8,2007,0
1135,1136,6180,1926,1950,60.0,AllPub,6,5,TA,TA,5,2007,0
1136,1137,9600,1950,1950,80.0,AllPub,6,5,TA,TA,4,2008,0
1137,1138,6342,1875,1996,54.0,AllPub,5,8,TA,Gd,5,2010,0
1138,1139,9819,1977,1977,,AllPub,6,5,TA,TA,5,2009,0
1139,1140,8731,1920,1950,98.0,AllPub,5,5,TA,Fa,5,2007,0
1140,1141,7350,1951,1951,60.0,AllPub,5,7,TA,TA,6,2008,0
1141,1142,10304,1976,1976,,AllPub,5,7,TA,Gd,10,2009,0
1142,1143,9965,2006,2007,77.0,AllPub,8,5,Gd,TA,4,2007,0
1143,1144,9000,1959,1959,,AllPub,5,3,TA,TA,7,2008,0
1144,1145,12180,1941,1950,60.0,AllPub,4,4,TA,Fa,7,2010,0
1145,1146,6240,1928,1950,52.0,AllPub,5,6,TA,TA,8,2006,0
1146,1147,11200,1985,1985,,AllPub,6,5,Gd,TA,5,2006,0
1147,1148,12000,1941,1950,75.0,AllPub,7,7,TA,TA,7,2009,0
1148,1149,5700,1926,1950,,AllPub,7,7,TA,TA,8,2008,0
1149,1150,9000,1920,1988,50.0,AllPub,7,9,TA,Gd,7,2009,0
1150,1151,8280,1950,1950,57.0,AllPub,6,5,TA,TA,11,2007,0
1151,1152,17755,1959,1959,134.0,AllPub,5,4,TA,TA,11,2006,0
1152,1153,14115,1956,2004,90.0,AllPub,6,7,TA,TA,7,2006,0
1153,1154,5890,1930,2007,,AllPub,6,8,Gd,Gd,6,2008,0
1154,1155,13700,1965,1988,,AllPub,7,6,TA,TA,5,2008,0
1155,1156,10768,1976,2004,90.0,AllPub,5,8,Gd,Gd,7,2007,0
1156,1157,9350,1965,1999,85.0,AllPub,5,8,TA,Gd,10,2008,0
1157,1158,5001,2007,2008,34.0,AllPub,7,5,Gd,TA,7,2009,0
1158,1159,11932,2007,2008,92.0,AllPub,8,5,Gd,TA,6,2008,0
1159,1160,9120,1974,1974,76.0,AllPub,6,6,Gd,TA,7,2008,0
1160,1161,2280,1978,1978,24.0,AllPub,6,5,TA,TA,7,2010,0
1161,1162,14778,1954,2006,,AllPub,6,7,Gd,TA,11,2008,0
1162,1163,8724,1968,1968,109.0,AllPub,5,5,TA,TA,5,2007,0
1163,1164,12900,1969,1969,60.0,AllPub,4,4,TA,TA,1,2008,0
1164,1165,16157,1978,1978,,AllPub,5,7,TA,TA,6,2007,0
1165,1166,9541,2009,2009,79.0,AllPub,7,5,Gd,TA,9,2009,0
1166,1167,10475,2008,2008,64.0,AllPub,8,5,Gd,TA,2,2010,0
1167,1168,10852,2000,2000,58.0,AllPub,6,5,TA,TA,2,2006,0
1168,1169,13728,1935,1986,120.0,AllPub,6,7,TA,TA,7,2008,0
1169,1170,35760,1995,1996,118.0,AllPub,10,5,Gd,Gd,7,2006,0
1170,1171,9880,1977,1977,76.0,AllPub,6,6,TA,TA,7,2008,0
1171,1172,9120,1958,1958,76.0,AllPub,6,6,TA,TA,11,2008,1400
1172,1173,4017,2006,2007,35.0,AllPub,7,5,Gd,TA,3,2008,0
1173,1174,18030,1946,1994,138.0,AllPub,5,6,TA,TA,3,2007,0
1174,1175,16560,1932,1950,80.0,AllPub,6,8,TA,TA,7,2006,0
1175,1176,10678,1992,2000,85.0,AllPub,8,5,Gd,TA,4,2007,0
1176,1177,6951,1984,1985,37.0,AllPub,5,5,TA,TA,10,2008,0
1177,1178,3950,1926,2004,,AllPub,6,8,TA,TA,12,2009,0
1178,1179,7681,1921,1950,54.0,AllPub,5,6,TA,TA,7,2009,0
1179,1180,8335,1954,1954,77.0,AllPub,5,5,TA,TA,4,2006,0
1180,1181,11170,1990,1991,,AllPub,7,5,TA,TA,4,2006,0
1181,1182,5587,2008,2008,64.0,AllPub,8,5,Ex,TA,11,2008,0
1182,1183,15623,1996,1996,160.0,AllPub,10,5,Gd,TA,7,2007,0
1183,1184,10800,1920,1950,60.0,AllPub,5,6,TA,TA,6,2006,0
1184,1185,35133,1963,1963,50.0,AllPub,5,4,TA,TA,5,2007,0
1185,1186,9738,1924,1950,60.0,AllPub,5,7,TA,Gd,3,2006,0
1186,1187,10615,1900,1970,107.0,AllPub,3,5,TA,TA,8,2009,0
1187,1188,12461,1994,1995,89.0,AllPub,8,5,Gd,TA,7,2006,0
1188,1189,8935,2002,2002,68.0,AllPub,7,5,Gd,TA,7,2009,0
1189,1190,7500,1999,1999,60.0,AllPub,7,5,TA,TA,6,2010,0
1190,1191,32463,1961,1975,,AllPub,4,4,TA,Gd,3,2007,0
1191,1192,2645,1999,2000,24.0,AllPub,8,5,Gd,TA,11,2007,0
1192,1193,9600,1925,1994,60.0,AllPub,5,8,TA,TA,7,2007,0
1193,1194,4500,1999,1999,,AllPub,6,5,TA,TA,6,2009,0
1194,1195,9364,1969,1969,80.0,AllPub,6,7,TA,TA,3,2010,0
1195,1196,8029,2005,2005,51.0,AllPub,6,5,TA,TA,7,2008,0
1196,1197,14054,2006,2006,58.0,AllPub,7,5,Gd,TA,11,2006,0
1197,1198,8850,1916,1950,65.0,AllPub,7,6,TA,TA,7,2006,0
1198,1199,9100,2001,2001,70.0,AllPub,7,5,Gd,TA,6,2009,0
1199,1200,11235,1963,1979,75.0,AllPub,4,5,TA,TA,10,2006,0
1200,1201,9353,1970,1970,71.0,AllPub,4,5,TA,TA,7,2006,0
1201,1202,10400,1998,1998,80.0,AllPub,7,5,TA,TA,3,2009,0
1202,1203,6000,1925,1997,50.0,AllPub,5,8,TA,TA,5,2009,0
1203,1204,9750,2000,2001,75.0,AllPub,7,5,Gd,TA,10,2009,0
1204,1205,10140,1975,1975,78.0,AllPub,5,6,TA,TA,7,2006,0
1205,1206,14684,1990,1991,90.0,AllPub,7,7,Gd,TA,6,2009,0
1206,1207,8900,1966,1966,,AllPub,4,4,TA,TA,11,2006,0
1207,1208,9135,2003,2003,70.0,AllPub,6,5,Gd,TA,5,2006,0
1208,1209,7763,1962,1980,70.0,AllPub,5,7,TA,Gd,10,2008,0
1209,1210,10182,2006,2006,85.0,AllPub,8,5,Gd,TA,5,2006,0
1210,1211,11218,1992,1992,70.0,AllPub,6,5,Gd,TA,5,2010,400
1211,1212,12134,1988,2005,152.0,AllPub,8,7,Gd,TA,6,2010,0
1212,1213,9340,1941,1950,50.0,AllPub,4,6,TA,TA,8,2009,0
1213,1214,10246,1965,2001,,AllPub,4,9,TA,Gd,5,2006,0
1214,1215,10205,1962,1962,69.0,AllPub,5,5,TA,TA,5,2006,0
1215,1216,7094,1966,1966,99.0,AllPub,5,5,TA,TA,5,2007,0
1216,1217,8930,1978,1978,68.0,AllPub,6,5,TA,TA,4,2010,0
1217,1218,8640,2009,2009,72.0,AllPub,8,5,Gd,TA,9,2009,0
1218,1219,6240,1947,1950,52.0,AllPub,4,5,TA,TA,7,2006,0
1219,1220,1680,1971,1971,21.0,AllPub,6,5,TA,TA,4,2006,0
1220,1221,7800,1964,1964,66.0,AllPub,5,5,TA,TA,11,2006,0
1221,1222,8250,1968,1968,55.0,AllPub,5,5,TA,TA,8,2008,0
1222,1223,10496,1949,1950,78.0,AllPub,6,6,TA,TA,1,2007,0
1223,1224,10680,1951,1951,89.0,AllPub,5,3,TA,TA,10,2006,0
1224,1225,15384,2004,2005,60.0,AllPub,7,5,Gd,TA,2,2008,0
1225,1226,10482,1958,1958,65.0,AllPub,6,8,TA,Gd,6,2007,0
1226,1227,14598,2007,2007,86.0,AllPub,6,5,Gd,TA,1,2008,0
1227,1228,8872,1965,2008,72.0,AllPub,5,8,TA,TA,12,2008,0
1228,1229,8769,2008,2008,65.0,AllPub,9,5,Ex,TA,10,2008,0
1229,1230,7910,1960,1960,70.0,AllPub,5,5,TA,TA,8,2008,0
1230,1231,18890,1977,1977,,AllPub,5,5,TA,TA,8,2007,8300
1231,1232,7728,1962,1962,70.0,AllPub,5,6,TA,TA,5,2006,0
1232,1233,9842,1962,1962,70.0,AllPub,4,5,TA,TA,3,2007,0
1233,1234,12160,1959,1959,,AllPub,5,5,TA,TA,5,2010,0
1234,1235,8525,1911,1950,55.0,AllPub,5,6,TA,TA,11,2008,0
1235,1236,13132,1914,1950,96.0,AllPub,5,5,TA,TA,7,2006,0
1236,1237,2628,2003,2003,36.0,AllPub,7,5,Gd,TA,6,2010,0
1237,1238,12393,2004,2005,41.0,AllPub,7,5,Gd,TA,9,2006,0
1238,1239,13072,2005,2005,63.0,AllPub,6,5,Gd,TA,3,2006,0
1239,1240,9037,2006,2006,64.0,AllPub,8,5,Gd,TA,12,2007,0
1240,1241,8158,2003,2003,65.0,AllPub,7,5,Gd,TA,7,2008,0
1241,1242,9849,2007,2007,83.0,AllPub,7,6,Gd,TA,6,2007,0
1242,1243,10625,1974,1974,85.0,AllPub,7,6,TA,TA,1,2010,0
1243,1244,13891,2006,2006,107.0,AllPub,10,5,Ex,TA,9,2006,0
1244,1245,11435,1929,1950,,AllPub,8,7,TA,TA,6,2006,0
1245,1246,12090,1984,2003,78.0,AllPub,6,7,TA,TA,1,2007,0
1246,1247,8125,2005,2006,65.0,AllPub,7,5,Gd,TA,3,2006,0
1247,1248,12328,1976,1976,,AllPub,6,5,TA,TA,5,2010,0
1248,1249,9600,1917,1950,60.0,AllPub,6,5,TA,TA,4,2008,0
1249,1250,7200,1950,1950,60.0,AllPub,5,7,TA,TA,5,2007,0
1250,1251,11160,1968,1968,93.0,AllPub,7,5,Gd,TA,4,2010,0
1251,1252,3136,2003,2003,,AllPub,7,5,Gd,TA,3,2006,0
1252,1253,9858,1968,1968,62.0,AllPub,5,6,TA,TA,11,2009,600
1253,1254,17542,1974,2003,,AllPub,7,7,Gd,TA,7,2007,0
1254,1255,6931,2003,2004,60.0,AllPub,7,5,Gd,TA,7,2008,0
1255,1256,6240,1931,1950,52.0,AllPub,6,6,TA,TA,11,2007,0
1256,1257,14303,1994,1994,91.0,AllPub,8,5,Gd,TA,8,2008,0
1257,1258,4060,1922,1950,56.0,AllPub,5,8,TA,TA,7,2009,0
1258,1259,9587,2005,2005,59.0,AllPub,7,5,Gd,TA,7,2008,0
1259,1260,9750,1969,1969,65.0,AllPub,6,8,TA,TA,7,2008,0
1260,1261,24682,1999,1999,,AllPub,6,5,TA,TA,6,2009,0
1261,1262,9600,1956,1956,80.0,AllPub,5,6,TA,TA,6,2009,0
1262,1263,11250,1957,1989,,AllPub,4,5,TA,TA,11,2009,0
1263,1264,13515,1919,1950,60.0,AllPub,6,6,TA,TA,7,2007,0
1264,1265,4060,1998,1999,34.0,AllPub,6,5,Gd,TA,8,2008,0
1265,1266,3735,1999,1999,35.0,AllPub,7,5,Gd,TA,3,2006,0
1266,1267,10120,1910,1950,60.0,AllPub,7,4,Fa,TA,1,2007,0
1267,1268,13214,2008,2009,89.0,AllPub,9,5,Ex,TA,5,2010,0
1268,1269,14100,1935,1997,,AllPub,8,9,TA,Gd,5,2008,0
1269,1270,11344,1958,1958,78.0,AllPub,5,5,TA,TA,7,2007,0
1270,1271,23595,1979,1979,,AllPub,7,6,Gd,TA,4,2010,0
1271,1272,9156,1968,1968,,AllPub,6,7,TA,TA,8,2009,0
1272,1273,13526,1965,1965,,AllPub,5,6,TA,TA,11,2006,0
1273,1274,11512,1959,2006,124.0,AllPub,6,7,TA,TA,5,2008,0
1274,1275,5362,1910,2003,53.0,AllPub,5,6,TA,TA,11,2007,0
1275,1276,11345,1948,1950,95.0,AllPub,5,5,TA,TA,7,2007,0
1276,1277,12936,1972,1972,,AllPub,6,6,TA,TA,12,2009,0
1277,1278,17871,1967,1976,,AllPub,6,5,TA,TA,6,2009,0
1278,1279,9473,2002,2002,75.0,AllPub,8,5,Gd,TA,3,2008,0
1279,1280,7500,1920,1950,60.0,AllPub,4,4,TA,Gd,4,2010,0
1280,1281,9808,2002,2002,67.0,AllPub,7,5,Gd,TA,3,2009,0
1281,1282,8049,1990,1990,50.0,AllPub,7,5,TA,TA,7,2006,0
1282,1283,8800,1977,2008,61.0,AllPub,5,7,TA,TA,9,2009,0
1283,1284,9400,1971,1971,94.0,AllPub,6,5,TA,TA,4,2010,0
1284,1285,9638,1919,1990,50.0,AllPub,6,7,TA,TA,3,2010,0
1285,1286,6000,1939,1950,50.0,AllPub,6,6,TA,Fa,5,2009,0
1286,1287,9790,1963,1963,,AllPub,6,5,TA,TA,6,2010,0
1287,1288,36500,1964,1964,,AllPub,5,5,TA,Gd,6,2006,0
1288,1289,5664,2000,2000,40.0,AllPub,8,5,Gd,TA,10,2009,0
1289,1290,11065,2006,2006,86.0,AllPub,8,5,Gd,TA,10,2006,0
1290,1291,14112,1964,1964,,AllPub,5,7,TA,TA,4,2010,0
1291,1292,1680,1972,1972,21.0,AllPub,5,7,TA,TA,2,2009,0
1292,1293,6600,1892,1965,60.0,AllPub,5,4,TA,TA,12,2009,0
1293,1294,10140,1976,1976,78.0,AllPub,7,5,TA,TA,3,2006,0
1294,1295,8172,1955,1990,60.0,AllPub,5,7,TA,TA,4,2006,0
1295,1296,8400,1968,1968,70.0,AllPub,5,5,TA,TA,11,2006,0
1296,1297,8700,1963,1963,80.0,AllPub,5,6,TA,Gd,12,2008,0
1297,1298,3675,2005,2006,35.0,AllPub,6,5,TA,TA,6,2006,0
1298,1299,63887,2008,2008,313.0,AllPub,10,5,Ex,TA,1,2008,0
1299,1300,7500,1959,1994,75.0,AllPub,5,7,TA,TA,5,2010,0
1300,1301,10762,1999,1999,,AllPub,7,5,Gd,TA,5,2009,0
1301,1302,7500,1942,1950,,AllPub,6,7,TA,TA,11,2009,0
1302,1303,10120,1994,1994,92.0,AllPub,8,5,Gd,TA,12,2006,0
1303,1304,8688,2005,2005,73.0,AllPub,7,5,Gd,TA,4,2006,0
1304,1305,3363,2004,2004,32.0,AllPub,7,5,Gd,TA,4,2006,0
1305,1306,13173,2006,2007,108.0,AllPub,9,5,Gd,TA,11,2009,0
1306,1307,6955,2005,2006,48.0,AllPub,7,5,Gd,TA,9,2006,0
1307,1308,8072,1994,1995,60.0,AllPub,5,5,TA,Gd,5,2009,0
1308,1309,12000,1948,2005,100.0,AllPub,5,7,TA,TA,5,2008,0
1309,1310,7153,1991,1991,,AllPub,6,5,TA,TA,6,2008,0
1310,1311,17500,1959,2002,100.0,AllPub,7,8,Gd,Gd,5,2010,0
1311,1312,8814,2005,2007,68.0,AllPub,7,5,Gd,TA,1,2007,0
1312,1313,9572,1990,1990,,AllPub,8,5,Gd,TA,6,2007,0
1313,1314,14774,1999,1999,108.0,AllPub,9,5,Gd,TA,5,2010,0
1314,1315,8190,1954,1954,60.0,AllPub,4,6,TA,TA,10,2007,0
1315,1316,11075,1969,1969,85.0,AllPub,6,5,TA,TA,6,2008,0
1316,1317,10226,2008,2008,61.0,AllPub,8,5,Gd,TA,1,2009,0
1317,1318,4230,2006,2007,47.0,AllPub,7,5,Gd,TA,4,2007,0
1318,1319,14781,2001,2002,,AllPub,8,5,Gd,TA,8,2006,0
1319,1320,10215,1954,1954,75.0,AllPub,4,5,TA,TA,2,2007,0
1320,1321,8400,1957,1957,70.0,AllPub,6,3,TA,TA,6,2009,0
1321,1322,6627,1949,1950,,AllPub,3,6,TA,TA,7,2008,0
1322,1323,10186,1992,1992,107.0,AllPub,7,5,Gd,TA,6,2010,0
1323,1324,5330,1940,1950,50.0,AllPub,4,7,Fa,TA,12,2009,0
1324,1325,9986,2006,2007,75.0,AllPub,8,5,Gd,TA,2,2007,0
1325,1326,3636,1922,1950,40.0,AllPub,4,4,TA,TA,1,2008,0
1326,1327,4270,1931,2006,70.0,AllPub,3,6,TA,TA,5,2007,0
1327,1328,6600,1982,2008,60.0,AllPub,5,9,Gd,Gd,10,2008,0
1328,1329,10440,1920,1950,60.0,AllPub,6,7,Gd,Gd,6,2008,1150
1329,1330,9084,1998,1998,63.0,AllPub,7,5,TA,TA,6,2006,0
1330,1331,10000,2006,2006,85.0,AllPub,8,5,Gd,TA,12,2007,0
1331,1332,10780,1976,1976,55.0,AllPub,5,5,TA,TA,7,2006,0
1332,1333,8877,1938,1958,67.0,AllPub,4,6,TA,TA,5,2009,0
1333,1334,7200,1938,1995,60.0,AllPub,5,6,TA,TA,7,2006,0
1334,1335,2368,1970,1970,24.0,AllPub,5,6,TA,TA,5,2009,0
1335,1336,9650,1977,1977,80.0,AllPub,6,5,TA,TA,4,2009,0
1336,1337,9246,1973,1973,87.0,AllPub,5,5,TA,TA,11,2008,0
1337,1338,4118,1941,1950,153.0,AllPub,4,4,TA,TA,3,2006,0
1338,1339,13450,2002,2002,95.0,AllPub,7,5,Gd,TA,6,2006,0
1339,1340,9560,1972,1972,120.0,AllPub,5,7,TA,Gd,6,2006,0
1340,1341,8294,1971,1971,70.0,AllPub,4,5,TA,TA,6,2007,0
1341,1342,13695,2003,2004,66.0,AllPub,6,5,TA,TA,7,2008,0
1342,1343,9375,2002,2002,,AllPub,8,5,Gd,TA,8,2007,0
1343,1344,7558,1928,1950,57.0,AllPub,6,6,TA,TA,3,2009,0
1344,1345,11103,2006,2006,85.0,AllPub,7,5,Gd,TA,7,2007,0
1345,1346,6000,1920,1950,50.0,AllPub,4,4,TA,TA,7,2007,0
1346,1347,20781,1968,2003,,AllPub,7,7,TA,TA,6,2006,0
1347,1348,15306,2006,2007,93.0,AllPub,8,5,Gd,TA,5,2007,0
1348,1349,16196,1998,1998,,AllPub,7,5,Gd,TA,8,2007,0
1349,1350,5250,1872,1987,50.0,AllPub,8,5,TA,Gd,12,2008,0
1350,1351,11643,1969,1969,91.0,AllPub,5,5,TA,TA,8,2009,0
1351,1352,9247,1962,1962,70.0,AllPub,6,6,TA,TA,3,2008,0
1352,1353,6000,1937,2000,50.0,AllPub,6,9,Gd,TA,7,2009,0
1353,1354,14720,1995,1996,56.0,AllPub,8,5,Gd,TA,3,2010,0
1354,1355,10316,2000,2000,,AllPub,7,5,Gd,TA,6,2008,0
1355,1356,10192,1968,1992,102.0,AllPub,7,6,TA,TA,9,2006,0
1356,1357,9477,1966,1966,,AllPub,5,5,TA,TA,10,2008,0
1357,1358,12537,1971,2008,,AllPub,5,6,TA,TA,4,2010,0
1358,1359,2117,2000,2000,,AllPub,6,5,Gd,TA,6,2010,0
1359,1360,16737,2004,2005,129.0,AllPub,9,5,Gd,TA,9,2006,0
1360,1361,9842,1921,1998,51.0,AllPub,5,6,TA,TA,5,2008,0
1361,1362,16158,2005,2005,124.0,AllPub,7,5,Gd,TA,6,2009,0
1362,1363,12513,1920,2007,,AllPub,4,4,TA,Gd,6,2009,0
1363,1364,8499,2006,2007,73.0,AllPub,6,5,TA,TA,3,2007,0
1364,1365,3180,2005,2005,30.0,AllPub,7,5,Gd,TA,4,2006,0
1365,1366,7500,2000,2000,,AllPub,7,5,Gd,TA,1,2010,0
1366,1367,9179,1999,1999,68.0,AllPub,7,5,Gd,TA,6,2008,0
1367,1368,2665,1977,1977,41.0,AllPub,5,6,TA,TA,7,2006,0
1368,1369,4435,2003,2004,,AllPub,6,5,Gd,TA,6,2009,0
1369,1370,10635,2003,2003,48.0,AllPub,8,5,Gd,TA,5,2010,0
1370,1371,5400,1920,1950,90.0,AllPub,4,6,Fa,TA,10,2009,0
1371,1372,9600,1955,1996,80.0,AllPub,6,6,TA,TA,10,2008,0
1372,1373,9750,1998,1998,75.0,AllPub,7,6,TA,TA,6,2006,0
1373,1374,11400,2001,2002,,AllPub,10,5,Ex,TA,3,2007,0
1374,1375,10625,2005,2005,85.0,AllPub,7,5,Gd,TA,7,2008,0
1375,1376,10991,2007,2007,89.0,AllPub,8,5,Gd,TA,12,2007,0
1376,1377,6292,1930,1950,52.0,AllPub,6,5,TA,TA,4,2008,0
1377,1378,10998,1941,1960,60.0,AllPub,5,5,TA,TA,7,2009,0
1378,1379,1953,1973,1973,21.0,AllPub,6,5,TA,TA,6,2006,0
1379,1380,9735,2006,2007,73.0,AllPub,5,5,TA,TA,5,2008,0
1380,1381,8212,1914,1950,45.0,AllPub,3,3,TA,Fa,6,2010,0
1381,1382,12925,1970,1970,,AllPub,6,7,TA,TA,5,2008,0
1382,1383,7200,1920,1950,60.0,AllPub,7,7,TA,TA,10,2006,0
1383,1384,25339,1918,2007,,AllPub,5,7,TA,Gd,8,2007,0
1384,1385,9060,1939,1950,60.0,AllPub,6,5,TA,TA,10,2009,0
1385,1386,5436,1922,2007,40.0,AllPub,4,8,TA,Gd,5,2010,0
1386,1387,16692,1978,1978,80.0,AllPub,7,5,TA,TA,7,2006,2000
1387,1388,8520,1916,1950,60.0,AllPub,6,7,TA,Gd,8,2007,0
1388,1389,14892,2006,2007,42.0,AllPub,9,5,Ex,TA,10,2009,0
1389,1390,6000,1941,1950,60.0,AllPub,6,6,TA,Gd,3,2007,0
1390,1391,9100,2000,2000,70.0,AllPub,7,5,Gd,TA,9,2006,0
1391,1392,8944,1967,1967,65.0,AllPub,5,5,TA,TA,4,2009,0
1392,1393,7838,1967,1967,68.0,AllPub,5,5,TA,TA,12,2006,0
1393,1394,10800,1905,2000,60.0,AllPub,6,7,TA,TA,4,2008,0
1394,1395,4045,2006,2006,53.0,AllPub,7,5,Gd,TA,10,2006,0
1395,1396,12665,2005,2006,88.0,AllPub,8,5,Gd,TA,2,2007,0
1396,1397,57200,1948,1950,,AllPub,5,5,TA,TA,6,2010,0
1397,1398,6120,1920,2004,51.0,AllPub,5,8,TA,TA,5,2007,0
1398,1399,7200,1950,1982,60.0,AllPub,5,4,TA,TA,5,2009,0
1399,1400,6171,1925,1990,51.0,AllPub,6,6,TA,TA,10,2009,0
1400,1401,6000,1929,1950,50.0,AllPub,6,7,TA,TA,7,2008,0
1401,1402,7415,2004,2004,62.0,AllPub,6,5,TA,TA,4,2008,0
1402,1403,6762,2006,2006,64.0,AllPub,7,5,Gd,TA,7,2006,0
1403,1404,15256,2007,2007,49.0,AllPub,8,5,Gd,TA,8,2007,0
1404,1405,10410,1915,1950,60.0,AllPub,3,4,TA,TA,1,2006,0
1405,1406,3842,2004,2005,44.0,AllPub,8,5,Gd,TA,1,2008,0
1406,1407,8445,1972,2007,70.0,AllPub,5,7,TA,TA,3,2009,0
1407,1408,8780,1985,1985,,AllPub,5,5,TA,TA,3,2009,0
1408,1409,7740,1910,1950,60.0,AllPub,4,7,TA,TA,6,2010,0
1409,1410,20544,1986,1991,46.0,AllPub,7,6,TA,Gd,11,2008,0
1410,1411,12420,2001,2001,79.0,AllPub,7,5,Gd,TA,6,2009,0
1411,1412,9600,1950,2005,80.0,AllPub,6,8,TA,Gd,9,2009,0
1412,1413,7200,1949,1950,60.0,AllPub,4,5,TA,TA,6,2009,0
1413,1414,10994,2005,2006,88.0,AllPub,8,5,Gd,TA,9,2009,0
1414,1415,13053,1923,2000,64.0,AllPub,6,7,TA,TA,6,2008,0
1415,1416,3635,2007,2007,51.0,AllPub,7,5,Gd,TA,5,2009,0
1416,1417,11340,1885,1950,60.0,AllPub,4,6,TA,TA,4,2010,0
1417,1418,16545,1998,1998,,AllPub,8,5,Gd,TA,5,2009,0
1418,1419,9204,1963,1963,71.0,AllPub,5,5,TA,TA,8,2008,0
1419,1420,16381,1969,1969,,AllPub,6,5,Gd,Gd,12,2006,0
1420,1421,11700,1968,1968,90.0,AllPub,6,6,TA,TA,5,2006,0
1421,1422,4043,1977,1977,53.0,AllPub,6,5,TA,TA,7,2010,0
1422,1423,4435,2003,2003,37.0,AllPub,6,5,Gd,TA,3,2008,0
1423,1424,19690,1966,1966,,AllPub,6,7,Gd,Gd,8,2006,0
1424,1425,9503,1958,1983,,AllPub,5,5,TA,TA,6,2007,0
1425,1426,10721,1959,1959,80.0,AllPub,6,6,Gd,TA,10,2008,0
1426,1427,10944,1994,1994,81.0,AllPub,7,5,Gd,TA,8,2008,0
1427,1428,10930,1945,1950,60.0,AllPub,5,6,TA,TA,4,2008,0
1428,1429,7200,1940,1992,60.0,AllPub,5,7,TA,Gd,2,2010,0
1429,1430,12546,1981,1981,,AllPub,6,7,Gd,Gd,4,2007,0
1430,1431,21930,2005,2005,60.0,AllPub,5,5,Gd,TA,7,2006,0
1431,1432,4928,1976,1976,,AllPub,6,6,TA,TA,10,2009,0
1432,1433,10800,1927,2007,60.0,AllPub,4,6,TA,TA,8,2007,0
1433,1434,10261,2000,2000,93.0,AllPub,6,5,TA,TA,5,2008,0
1434,1435,17400,1977,1977,80.0,AllPub,5,5,TA,TA,5,2006,0
1435,1436,8400,1962,2005,80.0,AllPub,6,9,Gd,Gd,7,2008,0
1436,1437,9000,1971,1971,60.0,AllPub,4,6,TA,TA,5,2007,0
1437,1438,12444,2008,2008,96.0,AllPub,8,5,Ex,TA,11,2008,0
1438,1439,7407,1957,1996,90.0,AllPub,6,7,TA,TA,4,2010,0
1439,1440,11584,1979,1979,80.0,AllPub,7,6,TA,TA,11,2007,0
1440,1441,11526,1922,1994,79.0,AllPub,6,7,TA,TA,9,2008,0
1441,1442,4426,2004,2004,,AllPub,6,5,Gd,TA,5,2008,0
1442,1443,11003,2008,2008,85.0,AllPub,10,5,Ex,TA,4,2009,0
1443,1444,8854,1916,1950,,AllPub,6,6,TA,TA,5,2009,0
1444,1445,8500,2004,2004,63.0,AllPub,7,5,Gd,TA,11,2007,0
1445,1446,8400,1966,1966,70.0,AllPub,6,5,TA,TA,5,2007,0
1446,1447,26142,1962,1962,,AllPub,5,7,TA,TA,4,2010,0
1447,1448,10000,1995,1996,80.0,AllPub,8,5,Gd,TA,12,2007,0
1448,1449,11767,1910,2000,70.0,AllPub,4,7,TA,TA,5,2007,0
1449,1450,1533,1970,1970,21.0,AllPub,5,7,TA,TA,8,2006,0
1450,1451,9000,1974,1974,60.0,AllPub,5,5,TA,TA,9,2009,0
1451,1452,9262,2008,2009,78.0,AllPub,8,5,Gd,TA,5,2009,0
1452,1453,3675,2005,2005,35.0,AllPub,5,5,TA,TA,5,2006,0
1453,1454,17217,2006,2006,90.0,AllPub,5,5,TA,TA,7,2006,0
1454,1455,7500,2004,2005,62.0,AllPub,7,5,Gd,TA,10,2009,0
1455,1456,7917,1999,2000,62.0,AllPub,6,5,TA,TA,8,2007,0
1456,1457,13175,1978,1988,85.0,AllPub,6,6,TA,TA,2,2010,0
1457,1458,9042,1941,2006,66.0,AllPub,7,9,Ex,Gd,5,2010,2500
1458,1459,9717,1950,1996,68.0,AllPub,5,6,TA,TA,4,2010,0
1459,1460,9937,1965,1965,75.0,AllPub,5,6,Gd,TA,6,2008,0
